SeedA,SeedB,SeedDiff,EloWinProbA,WinRatioA,WinRatioB,ClutchRatioA,ClutchRatioB,FormHarmonicA,FormHarmonicB,FormUniformA,FormUniformB,Round,PtsForRatioA,PtsForRatioB,ID,Pred,shap_SeedA,shap_SeedB,shap_SeedDiff,shap_EloWinProbA,shap_WinRatioA,shap_WinRatioB,shap_ClutchRatioA,shap_ClutchRatioB,shap_FormHarmonicA,shap_FormHarmonicB,shap_FormUniformA,shap_FormUniformB,shap_Round,shap_PtsForRatioA,shap_PtsForRatioB,shap_BaseVal
16.0,16.0,0.0,0.7683743654055711,0.6470588235294118,0.4848484848484848,0.25,0.4,0.6290688872066615,0.3817814786777693,0.7,0.5,0.0,0.68808911739503,0.5341259357111404,2023_1173_1187,0.60804283618927,-0.04076784579614663,0.04108396176675054,0.02726546492464635,0.15212861979088874,-0.028390784180447933,-0.03540809793926856,0.017186934398673137,-0.019609598633289864,0.005960477714846936,-0.027021382476262037,-0.0021257990816935814,-0.015587538914127633,0.008599036686925694,-0.04154011163101446,0.03362373299640612,0.5326458103270375
16.0,16.0,0.0,0.1391707511970432,0.3103448275862069,0.5,0.0,0.4545454545454545,0.2119606358819076,0.3091092606611152,0.1,0.3,0.0,0.3490740740740741,0.5047148630444545,2023_1132_1396,0.4739315211772918,-0.08562448967290845,0.0440097171052722,-0.008968944001085506,-0.12411964690666479,0.03746451404918358,0.045745890382296345,0.018339160313152865,-0.0037371408188791853,0.08237583495096377,0.05811231442453946,-0.007531865633801915,0.023042833984796784,0.002278185609078191,-0.05988613485654885,-0.08021451368074403,0.5326458103270375
16.0,16.0,0.0,0.0801785977948656,0.3793103448275862,0.5625,0.6363636363636364,0.3636363636363636,0.3199596265455463,0.5513499873832954,0.4,0.5,0.0,0.4147959183673469,0.5776720034617049,2023_1127_1416,0.284222275018692,-0.07573347385596613,0.047894078875978116,-0.027446936235988567,-0.15181883240179903,0.01820297339790539,0.04677313023845467,0.005530814173929278,0.01152734661575011,-0.053035445754271715,-0.05076379748161235,-0.001345790324830634,0.035478447023680214,-0.004555525496302578,-0.056106088678710135,0.006975513809217316,0.5326458103270375
11.0,16.0,-5.0,0.9639855635352568,0.6363636363636364,0.5,0.6,1.0,0.4877617966187232,0.5054251829422155,0.6,0.7,0.0,0.6694252873563218,0.5350047303689688,2023_1280_1398,0.8366407155990601,-0.00218529817621694,0.0441522569221428,0.03381187740703719,0.15323523839459927,0.00810025590718714,0.026365982882578267,0.0003491884659169025,0.021740934590742174,0.04239149667675506,-0.027260714840271576,-0.0018560622878602741,0.0031323947153693186,-0.0008969823131918405,-0.04025594736816265,0.04317022832196864,0.5326458103270375
16.0,16.0,0.0,0.0322174017915825,0.1666666666666666,0.6470588235294118,0.3333333333333333,0.25,0.1678021700731768,0.6290688872066615,0.3,0.7,0.0,0.1976047904191616,0.68808911739503,2023_1169_1173,0.4165278673171997,-0.06623469003199847,0.04915970768579839,-0.02448519086588898,-0.19937861821432076,0.017487196938772605,0.0546069120367447,-0.005174266463079446,-0.08295593505917803,0.11124238013057022,-0.00022459292051501477,-0.0016208842958537074,-0.006617260498267301,-0.007150683409815237,-0.012023261524971414,0.0572511945287014,0.5326458103270375
16.0,16.0,0.0,0.4721869957132797,0.6129032258064516,0.65625,1.0,0.75,0.9046177138531416,0.6290688872066615,0.8,0.7,0.0,0.6489921121822962,0.7067953020134228,2023_1224_1322,0.2971106767654419,-0.06647069051550993,0.031594288372659415,-0.014965182158047641,-0.09629756698367252,-0.015026161718290552,0.027739875311430108,0.00457806673800938,0.01842591948903085,-0.012362431025379629,0.005841463184420263,-0.009367480625812552,0.005972436419905604,-0.0053983283750763215,-0.0537772030261002,-0.056022136811296655,0.5326458103270375
16.0,16.0,0.0,0.9507965008624356,0.5882352941176471,0.4482758620689655,0.8181818181818182,0.4,0.7456472369417108,0.3356043401463537,0.8,0.3,0.0,0.6332657200811359,0.4752160072760346,2023_1435_1475,0.5233647227287292,-0.03230656254957893,0.05891006024433966,0.009712663146692255,0.14210208688946285,-0.03066625929179755,-0.020152293560145952,-0.01998677686593083,-0.015157017363687828,-0.028240747457638618,-0.014034774706252407,-0.0007940536382823328,-0.010075406845903929,-0.005556660873373354,-0.07932565618876225,0.036290316673877505,0.5326458103270375
16.0,16.0,0.0,0.4623318932206453,0.3548387096774194,0.5,0.2,0.6666666666666666,0.353267726469846,0.348221044663134,0.3,0.3,0.0,0.3894533139816158,0.5528644620400559,2023_1227_1236,0.3099931180477142,-0.08153206003149027,0.027463600917067173,-0.004638852813437294,-0.12123275614718557,0.020828841781202097,0.005686411055693487,-0.001367376802945063,-0.0011554421085220208,0.002880307189116691,-0.005894033064480512,-0.004848671594681005,-0.0040958706111395024,9.802031348971913e-05,-0.013318976104680646,-0.041525812979235584,0.5326458103270375
16.0,16.0,0.0,0.8307703569942051,0.6060606060606061,0.6129032258064516,0.5,0.5,0.7312641937925813,0.3620994196315922,0.7,0.4,0.0,0.6375661375661376,0.6327256558470431,2023_1206_1346,0.7038134336471558,-0.03559691559750719,0.0664801369668695,0.015677818771215234,0.1667855778809187,-0.044871528441802706,-0.013154877259305982,-0.0011228786085487727,-0.018170869382337636,0.005380606059675573,-0.029757669626788226,-0.0004414775008691803,-0.00797921248317358,-0.001565447767537082,-0.01769425705685901,0.08719865639564695,0.5326458103270375
16.0,16.0,0.0,0.2977676249019671,0.125,0.53125,0.0,0.6,0.0529901589704769,0.598788796366389,0.1,0.6,0.0,0.1495601173020528,0.5625,2023_1257_1455,0.2607419192790985,-0.09277781400650156,0.046873137270928504,-0.03011429725339792,-0.1585216376283773,0.01858031648462115,0.004589663402885036,-0.010158545089396403,0.003793094320787353,0.07788983881645524,-0.001682055584055549,0.0038335613669067065,0.008618637194244222,-0.00030625884508314274,-0.06884348444821518,-0.0736779785826594,0.5326458103270375
16.0,16.0,0.0,0.0430202362094676,0.2142857142857142,0.3125,0.6,0.4,0.1433257633106232,0.1059803179409537,0.3,0.2,0.0,0.2370410367170626,0.3469750889679715,2023_1249_1374,0.5516323447227478,-0.06753274011531885,0.039953903408998945,0.013179559777966834,-0.07811118740786252,0.01680392083565793,0.020138337272211464,0.025361268395193613,0.005874101868385237,0.051146678534928575,-0.03805207206532803,-0.0016716458763098346,0.058275946191415615,-0.0020390126113012897,-0.020025475103503932,-0.004315032391914958,0.5326458103270375
16.0,16.0,0.0,0.3983803071895276,0.4838709677419355,0.5625,0.8333333333333334,0.25,0.47186474892758,0.6114055008831694,0.5,0.7,0.0,0.5352292020373515,0.6018481317798312,2023_1203_1325,0.612022876739502,-0.05045010181973698,0.057645303604097926,-0.0038088957469480243,-0.12536675408676873,0.029785904524832985,0.011460239328020372,-0.0039945084937112706,-0.010713221296171676,0.08033418209271227,0.00830568751646437,0.012441849778721186,-0.0016837812283191861,-0.0027143101223831186,0.019879399640493272,0.05825607473138544,0.5326458103270375
16.0,16.0,0.0,0.7504111667464042,0.6875,0.4482758620689655,0.75,0.4,0.6484986121625032,0.3906131718395155,0.6,0.4,0.0,0.7217683805862566,0.4936191934660541,2023_1356_1470,0.6529053449630737,-0.027876603337157323,0.06362870697122912,0.03300016247982095,0.1638538462648635,-0.03327732363800782,-0.021139217115306405,-0.009522110355724062,-0.011453029379806927,0.004830424635826853,-0.026481056109262737,-0.012840013358247117,-0.023192846959806328,-0.0016313491425228779,-0.012604207136056604,0.03496414971628712,0.5326458103270375
16.0,16.0,0.0,0.4043643682386039,0.4516129032258064,0.5151515151515151,0.5,0.2,0.4928084784254352,0.7173858188241232,0.4,0.8,0.0,0.4891443167305236,0.5564236111111112,2023_1334_1375,0.4955072104930877,-0.056914376131397076,0.044298628514048775,-0.020676281587323014,-0.19034121428229067,0.02148087528311843,-0.002914976140922285,0.012012625684573041,-0.0031695004324744373,0.0809436290082062,-0.007608994643512026,0.013900360151242432,-0.0039011350620363396,-0.0024708151297168027,0.027356875931767482,0.05086562989517081,0.5326458103270375
16.0,16.0,0.0,0.3543516994417239,0.4,0.65625,0.6,0.5,0.3179409538228614,0.360333080999243,0.2,0.3,0.0,0.446343779677113,0.6788207913110939,2023_1256_1307,0.5479724407196045,-0.03678837989436678,0.0295767044687562,0.0033122303948051645,-0.047851195861077576,0.03899156507002046,0.037929662239893906,0.00754035775519801,-0.00377755328997288,0.0033584970598403647,0.006912407661236592,0.0034207130176060357,-0.020189917713831527,0.0024596886476017515,-0.032360759912858694,0.022792606574053523,0.5326458103270375
12.0,16.0,-4.0,0.4508930874453768,0.9090909090909092,0.5151515151515151,0.8333333333333334,0.5,1.0,0.7312641937925813,1.0,0.7,0.0,0.910976989815164,0.5542222222222222,2023_1158_1450,0.3208540678024292,-0.008196788427515115,0.04504041759361002,0.03242324151229998,-0.14181444232708462,0.024950299199691068,-0.015297451293466546,-0.019703740223453087,-0.014967039752869608,-0.01381616466978824,-0.003429875910184872,-0.0048800981856533905,0.00471493511779302,0.003987091237003008,-0.011856178412947062,-0.08894596646773571,0.5326458103270375
16.0,10.0,6.0,0.2127956285872568,0.59375,0.7575757575757576,0.625,0.4,0.6661619984859954,0.7312641937925813,0.6,0.7,0.0,0.6435921421889617,0.7925925925925926,2023_1363_1429,0.3020123839378357,-0.10513152412386448,-0.00463052810180188,-0.029838196044735546,-0.07578973976739166,-0.0041451976276450425,0.002081534208471666,0.005472916425028813,-0.008356126565868366,-0.0032208112159375847,-0.009919699845592371,-0.012968768536917847,0.00504714951433756,-0.0020873114323017253,-0.013518668382217758,0.02637157837618669,0.5326458103270375
16.0,16.0,0.0,0.5606714029073936,0.1935483870967742,0.2592592592592592,0.0,0.2,0.2119606358819076,0.3709311127933383,0.1,0.4,0.0,0.2364130434782608,0.2896935933147632,2023_1142_1152,0.5692312121391296,-0.05498359225899506,0.08414296708988638,-0.0016135554017525006,0.05462204347450294,0.018417043540395722,0.01414380861506486,-0.004309363152639131,-0.014730398054938212,0.014296500038363368,-0.03482939544223122,-0.020541899740120755,0.002439509912394017,-0.0004962989471558964,0.02376723331072502,-0.04373923539316867,0.5326458103270375
16.0,16.0,0.0,0.7842730982336388,0.4838709677419355,0.5,0.6,0.5,0.2826141811758768,0.5122382033812768,0.2,0.4,0.0,0.5261211280628756,0.5366771159874608,2023_1269_1447,0.5436685085296631,-0.030021860245004688,0.07506763898840355,0.013318050213630106,0.13194251731430873,-0.015594602552205218,0.025524179398071806,0.007997963246291663,-0.009069973219850857,-0.09057489514101123,-0.0750069792132054,0.003354545773836632,-0.02034982170933189,0.0020673329243222683,-0.019847797653437745,0.012216384998930937,0.5326458103270375
16.0,16.0,0.0,0.8956047408866724,0.4,0.09375,0.4,1.0,0.3179409538228614,0.0353267726469845,0.3,0.1,0.0,0.4317048853439681,0.1148577449947313,2023_1431_1453,0.4476075768470764,-0.04180818612550326,0.06275955288174423,0.013754505163440001,0.12854139656964858,-0.03381517579600206,-0.004725544770569679,0.0006237070635944814,0.0301129417565474,-0.0961323387764063,-0.10945995235885468,-0.03951832672421724,0.002211380482612491,0.007441563276549177,-0.02014945103345581,0.015125670142099196,0.5326458103270375
16.0,16.0,0.0,0.2247932003430362,0.5666666666666667,0.75,0.6,0.6,0.5495836487509462,0.7615442846328538,0.7,0.8,0.0,0.5925206410879067,0.7655028660760813,2023_1298_1358,0.1957383602857589,-0.08003280214366702,0.038729953572690705,-0.048360448049970486,-0.2073137070930498,-0.026627901360413053,-0.004564564535639685,-0.008398800937866345,0.0010041562817861695,0.006742946540381308,0.008787744765986458,-0.004817048214583214,-0.0008769671439378799,-0.0011505394001102146,-0.012288682543530834,0.002259193303365312,0.5326458103270375
16.0,16.0,0.0,0.7739476769653093,0.5,0.375,0.625,0.5833333333333334,0.6429472621751199,0.2031289427201614,0.5,0.3,0.0,0.5238738738738739,0.3821318000884564,2023_1174_1477,0.5611545443534851,-0.038000897256370014,0.07761455570697166,0.030950509782106644,0.11702349157517741,-0.1471027103168029,-0.005020112077821223,0.011621206917003335,-0.008902224899347215,-0.009035949480668852,-0.10530654123061442,0.006463214272651863,-0.011550241928557239,-0.0016466350474935902,0.023698046643746397,0.08770296858063568,0.5326458103270375
16.0,7.0,9.0,0.2094692518435028,0.65625,0.65625,0.5,0.5,0.360333080999243,0.3994448650012617,0.3,0.6,0.0,0.6788207913110939,0.6909930715935335,2023_1307_1321,0.3834150731563568,-0.07824004405154905,-3.779939721745049e-05,-0.03466361439838411,-0.12490063174755489,-0.014251264007009651,0.048605863772279455,0.020603916996597187,-0.00646579899615776,0.017640467276359224,-0.0077449271257529,0.010288981848870926,-0.002400482080269608,-0.0016272482637238659,-0.0053861247125161025,0.029347977752746973,0.5326458103270375
16.0,16.0,0.0,0.5811295123036136,0.4482758620689655,0.5384615384615384,0.5,0.1428571428571428,0.187484229119354,0.7615442846328538,0.5,0.8,0.0,0.4800613496932515,0.558982683982684,2023_1205_1300,0.6983826756477356,-0.022175752733412088,0.09297143224043433,-0.008801066419382,0.07806033217535205,0.01101173877349887,-0.00525285295277942,0.019233859059238356,-0.02371065835174129,0.0071497911431365425,0.0038071563380217568,-0.00368935241869017,-0.00393551331071163,-0.0015329480928822897,0.04121128197691915,-0.018610638118744,0.5326458103270375
16.0,11.0,5.0,0.2761466240451777,0.71875,0.6666666666666666,0.4,0.6666666666666666,0.7880393641180924,0.4277062831188494,0.9,0.6,0.0,0.759493670886076,0.696656050955414,2023_1220_1338,0.2893694639205932,-0.1288228603185889,0.004944633428504806,-0.08207026316923492,-0.11359633551880281,-0.006888881808554693,0.03590824920899201,0.011965955133185893,0.010978512491739338,-0.0027096902744939647,0.009091290295675824,0.002850237591481294,0.00442397489513225,-0.0014076187001721427,-0.010553383605303685,0.022609919795634776,0.5326458103270375
7.0,16.0,-9.0,0.9545792991089488,0.6129032258064516,0.1666666666666666,0.5714285714285714,0.2,0.5722937168811506,0.0,0.5,0.0,0.0,0.6334405144694534,0.1975497702909647,2023_1277_1409,0.4930329620838165,-0.003720485914821893,0.07481633798483173,0.003518671552541196,0.06930058962590756,-0.07962720668242179,-0.015509921897712943,-0.01209916735983336,0.0026217184092094887,0.03154787066328954,-0.13909101173552324,-0.016553465349993468,-0.0022517530767016754,-0.000754880774709134,-0.022283404458635837,0.07047326555354956,0.5326458103270375
14.0,8.0,6.0,0.0727153039572886,0.7419354838709677,0.7647058823529411,0.7272727272727273,0.375,0.9205147615442846,0.8586929094120614,0.8,0.8,6.0,0.7615923009623797,0.7596756358274972,2023_1244_1272,0.1233052611351013,-0.05578910029720191,-0.0052436191601048085,-0.08572361289652364,-0.17259091909275068,-0.018264639581300784,-0.007027503172630138,-0.026377508921109984,-0.03685819417102857,-0.008795087941665055,0.019677680057309403,0.0013095514068833416,-0.0020643549241558235,0.0037009950339790525,-0.014325712185732555,-0.000968533665258281,0.5326458103270375
16.0,16.0,0.0,0.4679017049322018,0.4375,0.3939393939393939,0.3333333333333333,0.6,0.6341155690133737,0.6076204895281353,0.6,0.5,0.0,0.4767970882620564,0.414218009478673,2023_1144_1265,0.3821419775485992,-0.11920111634314356,0.01986162448812137,-0.0069923667809400555,-0.13328852275792769,0.024877397535224773,-0.013515319743294629,-0.005095280309674694,-0.00035038583726979965,0.037516271005344444,-0.004153830711556108,-0.0020860455918547756,-0.00458827035371637,-0.0012225699500008032,0.014978486705140272,0.04275607071703679,0.5326458103270375
8.0,16.0,-8.0,0.6606756268436365,0.6363636363636364,0.5,0.0,0.6666666666666666,0.4012112036336108,0.5142568761039616,0.5,0.6,0.0,0.6985357450473729,0.5531034482758621,2023_1268_1304,0.622036337852478,-0.006322989261159112,0.05833873538414405,0.04638516325003462,0.08309915255097015,-0.012030071321413633,0.02313954578668086,0.01876906412799064,-0.011396737549870242,-0.02903911352703586,-0.04139730105584873,-1.181047182234325e-05,0.019516493369800495,0.005769691165319824,-0.017633528063354487,-0.047795755355952936,0.5326458103270375
11.0,16.0,-5.0,0.8571522928643286,0.6363636363636364,0.5517241379310345,0.6,0.4,0.4877617966187232,0.5760787282361847,0.6,0.8,0.0,0.6694252873563218,0.5876623376623377,2023_1280_1335,0.8609572649002075,-0.0030113791186809308,0.08574921640904945,0.03825237934391874,0.15522456607248664,0.005896092981931814,-0.001939920367290128,0.006506653650541339,-0.004662196834296406,0.026946409290560268,0.0021996956826079387,-0.0037306949293988982,-0.0008482599512099274,-0.0012607677307262784,-0.023535815613470238,0.04652542277969408,0.5326458103270375
16.0,16.0,0.0,0.4281366820271306,0.375,0.2857142857142857,0.375,0.4285714285714285,0.7438808983093617,0.3444360333080999,0.6,0.3,0.0,0.3988040478380865,0.3183023872679045,2023_1411_1471,0.219938650727272,-0.1056186152994032,0.008675645637505286,-0.00487627472780698,-0.1438980396197663,0.03909023149540941,-0.011948647730132265,-0.006385452620690818,-0.012604220006472518,-0.019375136191548018,-0.028129966651871844,0.001133466928702532,-0.012203578009324097,-0.0013153031288214857,0.010905578770954986,-0.026156905674277718,0.5326458103270375
16.0,11.0,5.0,0.0986439546093135,0.4193548387096774,0.65625,0.4285714285714285,0.6666666666666666,0.2826141811758768,0.2316426949280847,0.2,0.4,0.0,0.4408602150537634,0.6902761104441777,2023_1320_1344,0.5192648768424988,-0.06407183730623546,0.016834888463364034,-0.008136676406648079,-0.0813901975599153,-0.010121076484783094,0.03429727962827179,0.02397013760126028,0.015327889890773518,0.016634831528866852,-0.02050375247049445,-0.0011379174440534225,0.01061076889417463,2.153754942086387e-05,-0.008164028477734906,0.062447253429792876,0.5326458103270375
9.0,16.0,-7.0,0.92134301420837,0.90625,0.2413793103448276,1.0,0.2,0.9646732273530152,0.0953822861468584,0.9,0.2,0.0,0.9144342263094762,0.2762331838565022,2023_1194_1337,0.8365774750709534,-0.001425934537942704,0.04246924495600358,0.04133894270329403,0.20435845491705773,0.07231344686360736,-0.003255630339568543,-0.013199399049921758,-0.014019946385281317,-0.002384624294607819,-0.04467215984460695,0.0009193276077358042,-0.008570221531269283,0.0038328053828374066,0.03138709538320553,-0.005159725702732893,0.5326458103270375
16.0,16.0,0.0,0.6321505907498766,0.6,0.4666666666666667,0.6,0.4285714285714285,0.2051476154428462,0.6076204895281353,0.5,0.5,0.0,0.6191111111111111,0.4880715705765407,2023_1123_1204,0.605224609375,-0.03812784785827253,0.08964293523932548,-0.009349660897612294,0.0890870790165255,-0.0010201702776594787,-0.006985328646671201,0.00788165991230078,-0.017511050316898848,0.0057275012980140564,0.011707147660529155,0.007609142157936632,-0.003570198110643284,-0.0007749263355409171,-0.02311767708400825,-0.038619819598408746,0.5326458103270375
16.0,16.0,0.0,0.2799239663935424,0.6,0.5,0.7777777777777778,0.7142857142857143,0.6871057279838507,0.2296240222053999,0.7,0.3,0.0,0.6281859070464768,0.5309534568459106,2023_1330_1449,0.1658900082111358,-0.10526538140433661,0.007321404084645394,-0.015731690927719148,-0.19606004277278846,-0.013090744778626057,-0.014916532126419958,-0.014022663049257674,0.022570530826631897,0.014896017522326428,-0.027194887030436397,0.006478952761339547,-0.014259694499344723,-0.0013956525633817731,-0.03969845676516296,0.02361304013596826,0.5326458103270375
11.0,8.0,3.0,0.329563446894471,0.6470588235294118,0.7647058823529411,0.625,0.375,0.5760787282361847,0.8586929094120614,0.6,0.8,6.0,0.6842325386867419,0.7596756358274972,2023_1113_1272,0.3001861572265625,-0.005593976125441804,-0.013650649160591277,-0.06936522722902173,-0.0972809815875283,-0.022733916760860947,0.0037392523531794776,0.010669748808831448,-0.01567312846455445,0.0032267137480831436,0.013019776089885953,-0.018296442859790076,0.003529286720310088,0.0028908680529704436,-0.029335232067655915,0.002394302428948742,0.5326458103270375
16.0,16.0,0.0,0.2560736611066133,0.625,0.625,0.75,0.5,0.4171082513247539,0.598788796366389,0.6,0.6,0.0,0.670843776106934,0.6670838548185232,2023_1182_1387,0.2450356781482696,-0.059088026141724884,0.05166876945096113,-0.02625247320603516,-0.20064914148098212,-0.008586687527250352,-0.031328739013425415,0.0013153155023421933,-0.004894207072140383,0.014147070676681828,0.004239868661037535,-0.018256721859240002,0.006275233927432789,-0.005195652772751922,-0.04621397187045539,0.03520919538112709,0.5326458103270375
3.0,16.0,-13.0,0.8913945905642306,0.71875,0.4838709677419355,0.8333333333333334,0.4,0.47186474892758,0.4277062831188494,0.5,0.5,0.0,0.7400662251655629,0.5268518518518519,2023_1243_1443,0.8560186624526978,-0.008561286348115904,0.030262851389130808,0.14845028842832414,0.16971169409692974,-0.02667193134289043,-0.007194626220968923,-0.010693010675539107,-0.0032011159227438566,0.05090440117199722,-0.028603008278057597,-0.003884747926559418,0.023409804955704997,7.149509349699268e-07,-0.0226563476111364,0.01209916220927074,0.5326458103270375
16.0,16.0,0.0,0.8120491459164745,0.4,0.2758620689655172,0.6,0.4285714285714285,0.3179409538228614,0.4895281352510724,0.2,0.4,0.0,0.446343779677113,0.3396226415094339,2023_1256_1473,0.5137438178062439,-0.027496588594626215,0.08300695352395147,0.0010888849695331756,0.15565690744255886,-0.0036669281590057524,0.01618662454791041,0.007341018435071443,-0.025555707976061336,-0.1116005058492175,-0.0774771941794801,-0.014624153093672572,-0.014207330575066962,0.0020814371394948447,-0.025819962184728328,0.016184558958229157,0.5326458103270375
16.0,16.0,0.0,0.8744245841653601,0.21875,0.1379310344827586,0.3333333333333333,0.6666666666666666,0.0706535452939691,0.2422407267221801,0.1,0.2,0.0,0.2530337078651685,0.1673662119622245,2023_1207_1440,0.6227043867111206,-0.04178735730788751,0.07171950987593259,0.012019358381872769,0.17265506109422069,-0.020209742751910693,-0.0064461133464883795,-0.00988358544124109,0.011391440764388893,0.03731927748773718,-0.05390760173625405,-0.04549415255032508,0.0021820302865005244,-0.001173298238587922,-0.01843482919012547,-0.019891429047124164,0.5326458103270375
16.0,16.0,0.0,0.0290349560287292,0.037037037037037,0.5625,0.0,0.3636363636363636,0.0302800908402725,0.5513499873832954,0.1,0.5,0.0,0.0427993059572006,0.5776720034617049,2023_1254_1416,0.4003520309925079,-0.0928045648552959,0.054097613421897846,-0.019215552293758313,-0.121283230973814,0.022428563251746855,0.054667991586303755,-0.007631092981629545,0.02188575818726017,0.055689784311041254,-0.024021285870130193,-0.009182923131999341,0.038359820655153684,-0.0005719842329512185,-0.059639012482977725,-0.045073696332234355,0.5326458103270375
16.0,16.0,0.0,0.368837653066827,0.4333333333333333,0.6875,0.6666666666666666,0.75,0.5513499873832954,0.6484986121625032,0.5,0.6,0.0,0.4812030075187969,0.7217683805862566,2023_1138_1356,0.5274479985237122,-0.08098231674690444,0.033204225240416434,-0.015778833452780583,-0.12031163398055861,0.022238589221107937,0.024737696976687124,-0.0014620809660920897,0.02444420438528137,0.04086939676494935,0.0010212252604448982,0.01549691543394643,0.0184161394923053,-0.0014024927102755005,0.012204228426173027,0.022106877205984487,0.5326458103270375
16.0,16.0,0.0,0.9011655835739468,0.5625,0.5,0.3636363636363636,0.5,0.5513499873832954,0.5122382033812768,0.5,0.4,0.0,0.5776720034617049,0.5366771159874608,2023_1416_1447,0.5758326649665833,-0.04423853729524529,0.07606269059694601,0.011606056946510285,0.1556470230699252,-0.09164238217894127,0.020340301016069415,-0.007346875002197293,-0.011221007704722768,0.05483526871211606,-0.087387409339888,-0.021939722983054417,-0.013157700092149584,-0.0011916179693273147,-0.04585875780238376,0.04867956435477354,0.5326458103270375
5.0,16.0,-11.0,0.9949051359871433,0.7647058823529411,0.5185185185185185,0.6666666666666666,0.75,0.9735049205147616,0.5634620237194045,0.9,0.5,0.0,0.7931873479318735,0.5802332037756802,2023_1181_1271,0.7942633032798767,-0.004092433087840677,0.0372424464214881,0.0763297689418086,0.1744550697704208,-0.03029139862205025,0.031602017937844,-0.009144315891976241,0.027303501893455852,-0.0361510678038061,-0.01797090700067396,0.0002391887085377277,-0.017890484715788472,0.0021758252373510786,0.01262866605188573,0.015181644721911025,0.5326458103270375
8.0,16.0,-8.0,0.8571485383019602,0.6363636363636364,0.65625,0.0,0.4285714285714285,0.4012112036336108,0.6643956598536462,0.5,0.7,0.0,0.6985357450473729,0.6706433745206647,2023_1268_1414,0.7122357487678528,0.0025914588230846036,0.08737553178035931,0.02619995860676735,0.11112040689018732,-0.0021787861972587357,0.02725793452045104,0.02355542462965633,-0.021472575522069964,-0.043668344621232424,0.004414170373102406,0.0015764908189546051,0.0007667493479036564,-0.0014401742449926458,-0.02832758908917549,-0.00818074053974271,0.5326458103270375
16.0,16.0,0.0,0.1897316080086044,0.08,0.4482758620689655,0.0,0.4,0.0423921271763814,0.3356043401463537,0.1,0.3,0.0,0.0985254691689008,0.4752160072760346,2023_1216_1475,0.4651408195495605,-0.09075392034321571,0.04263575698272016,-0.006659403608270542,-0.14203582685317354,0.042648659554054655,0.03574219232477021,0.0083622016093157,-0.005893298941359557,0.08921824405905136,0.07013242062772757,-0.007510312759031885,0.02241008807955418,0.004295506736922007,-0.055894070495054474,-0.07420324039528524,0.5326458103270375
16.0,2.0,14.0,0.0237774052850059,0.4615384615384615,0.8235294117647058,0.375,0.6666666666666666,0.348221044663134,0.9735049205147616,0.3,0.9,0.0,0.5050847457627119,0.8351729212656365,2023_1217_1266,0.050671212375164,-0.0008436724542603255,-0.020806642834725452,-0.2356883691037411,-0.1992080514822281,-0.018547536526499927,-0.021854304595017096,0.006733542937206554,0.004652763386453063,0.007531969951652174,-0.0001866317673125887,0.0022277885664052054,-0.002905125125918108,-0.002890926273687307,0.005813556678653417,-0.006002912383940646,0.5326458103270375
16.0,16.0,0.0,0.9027298377521146,0.3225806451612903,0.5185185185185185,0.375,0.75,0.2808478425435276,0.5634620237194045,0.3,0.5,0.0,0.3508855911919579,0.5802332037756802,2023_1260_1271,0.523322582244873,-0.05247785109970052,0.07668990639740154,-0.0023591387310995067,0.16564969638604063,-0.024569084251982013,0.026629204462788703,0.0032133283726489383,0.03349605086055481,-0.08020539151539899,-0.05015673463758461,-0.043131684068873015,-0.015428863885663906,0.0075960394796521225,-0.053303405289957376,-0.0009652731329324584,0.5326458103270375
16.0,6.0,10.0,0.0319416120973179,0.2857142857142857,0.59375,0.5,0.4285714285714285,0.0706535452939691,0.4592480444107999,0.1,0.3,0.0,0.3248472505091649,0.6442922374429224,2023_1157_1235,0.7392029762268066,-0.07116889512037693,0.0057419221439065984,-0.013320904755644012,-0.03613313983984882,0.04085325462735574,0.048993425271313215,0.008418446955844865,0.012630070558347419,0.13164578812092417,-0.02010178894010014,0.003052885300994858,0.033792990932408895,-0.0022114294413596706,0.005866746578236635,0.05849780352800656,0.5326458103270375
9.0,16.0,-7.0,0.5026759771484975,0.625,0.696969696969697,0.25,0.7142857142857143,0.3250063083522584,0.5828917486752461,0.3,0.5,0.0,0.649763644177052,0.7378836833602584,2023_1120_1155,0.5778013467788696,0.0017810038281201284,0.024227716401108993,0.05322145938710725,-0.03488504414101814,-0.0294481884717113,-0.022614000337872194,0.033240950133432694,0.06960641082011326,-0.030179790474463744,-0.0011240019692622318,0.019459205188782656,-0.009031660444993452,0.012007361193471722,-0.06599692207461784,0.02489109917029777,0.5326458103270375
16.0,16.0,0.0,0.841667426370466,0.696969696969697,0.5806451612903226,0.7142857142857143,0.6666666666666666,0.5828917486752461,0.5760787282361847,0.5,0.8,0.0,0.7378836833602584,0.6169336384439359,2023_1155_1355,0.8113650679588318,0.0051431571463355355,0.1014119685308342,0.02172505196328702,0.1774939123460056,-0.006348641130106684,-0.01294523423459889,-0.038870785749143294,0.002833182669449872,-0.010113472664544763,0.008269909709748323,-0.002651383697872306,-0.0022540703564266035,-0.0016985150031800884,-0.03449016972542887,0.07121433786718087,0.5326458103270375
6.0,16.0,-10.0,0.9402281182263388,0.6363636363636364,0.6206896551724138,0.5714285714285714,0.7777777777777778,0.4309866262932122,0.6341155690133737,0.4,0.6,0.0,0.6844014510278114,0.6583371194911404,2023_1395_1454,0.8083094358444214,-0.0017907138340795194,0.0805079835742908,0.04869026417110172,0.11528221614050894,0.0009362090856073785,0.005949011753321596,-0.0060977653059487835,0.03349765725142118,0.011975051815765908,0.0014524242342298693,-0.010992890351489273,0.012992736970508258,-0.002209579613089313,-0.04030431796558426,0.025775381170503157,0.5326458103270375
16.0,16.0,0.0,0.3051285167086021,0.4375,0.3125,0.5,0.4,0.1130456724703507,0.1059803179409537,0.2,0.2,0.0,0.4906629318394024,0.3469750889679715,2023_1102_1374,0.3358029127120971,-0.08611126284056386,0.033478665224398525,0.009425383244543615,-0.08024367728113946,0.013228326158913385,-0.011652798907800849,0.005615651196160559,-0.00928187972890721,0.06113342803082701,-0.07530166941991241,-0.002094374933900706,-0.009905132067257866,-0.0014752419258730115,0.00527757471513988,-0.04893587357626343,0.5326458103270375
16.0,16.0,0.0,0.2299815768020219,0.3870967741935484,0.6,0.2727272727272727,0.7777777777777778,0.4542013626040878,0.6341155690133737,0.3,0.6,0.0,0.424390243902439,0.6295193534666099,2023_1273_1381,0.3561219573020935,-0.08843317755963037,0.05231861797815811,-0.03289193355868871,-0.1994836275005427,0.012866060945915686,0.012635130054090943,0.002693251651355459,0.0030428000013242246,0.048154440936808963,0.0061615737041112685,0.011694239631504377,0.019708884445313102,-0.0011153459122891396,-0.057430162426055184,0.03355541510260351,0.5326458103270375
16.0,16.0,0.0,0.0236593586773576,0.3333333333333333,0.4571428571428571,0.4285714285714285,0.1666666666666666,0.6252838758516276,0.6252838758516276,0.6,0.5,0.0,0.378415300546448,0.4980299448384555,2023_1309_1326,0.6013568639755249,-0.12413371478525884,0.04521532018957514,-0.009418375840885087,-0.13276922973897556,0.033843710676981754,0.02848537203323894,0.009202630068819441,0.004734422063697925,0.04379584602201454,-0.0009751154086434734,-0.012297881740867746,0.057251953000838664,-0.0069288541331584,0.0288973667428455,0.10380759828429449,0.5326458103270375
16.0,16.0,0.0,0.40038910168441,0.65625,0.5625,0.5,0.3636363636363636,0.360333080999243,0.5513499873832954,0.3,0.5,0.0,0.6788207913110939,0.5776720034617049,2023_1307_1416,0.2300482243299484,-0.07358238871461902,0.03434565905377746,-0.01705897469246012,-0.1456132883956601,-0.019256356425672888,0.008146839645738549,0.00326855415104266,-0.0007037790249652064,-0.042944773268245535,-0.028698123794165666,0.015268688571829156,-0.010183324022183136,-0.0010984344678360903,-0.006247181490690191,-0.018240754245467075,0.5326458103270375
8.0,16.0,-8.0,0.9130147048862496,0.6363636363636364,0.5,0.0,0.6666666666666666,0.4012112036336108,0.2846328538985617,0.5,0.3,0.0,0.6985357450473729,0.5454545454545454,2023_1268_1349,0.6763627529144287,-0.006130570988566679,0.03931627047132718,0.023627279293235954,0.13593748767915967,-0.0006329760170455809,0.014619203944853673,0.03522540923252855,0.0063675690395719985,0.009677198491516855,-0.020428727575256683,-0.03408073801516302,-0.005856420360791288,0.008549095828306947,-0.048691234918052155,-0.01378184085105294,0.5326458103270375
16.0,2.0,14.0,0.0277956433851914,0.3461538461538461,0.8235294117647058,0.0,0.6666666666666666,0.1079989906636386,0.9735049205147616,0.3,0.9,0.0,0.3830361966504592,0.8351729212656365,2023_1101_1266,0.0377928242087364,-0.0009607123209557575,-0.02166817761360383,-0.22159734027291958,-0.19507095616022013,-0.014692887693146228,-0.052573455438968957,0.01047361832144069,0.00526372143619739,0.01263198398843199,-0.011361303325893943,0.001483447846234612,-0.0027111899726781903,-0.002196837822040028,-0.00016076348015821526,-0.0017121159976578512,0.5326458103270375
16.0,16.0,0.0,0.9719501808292148,0.53125,0.1785714285714285,0.25,0.0,0.2863991925309109,0.2826141811758768,0.5,0.2,0.0,0.5758871312526721,0.2311715481171548,2023_1276_1444,0.4362353086471557,-0.04522141074879209,0.07693341189413941,-0.008073704895916651,0.09766335667626874,-0.038226337950001535,0.006056602335957114,0.03220741375779605,-0.024841680333240593,-0.06696710406388705,-0.05006549622290449,-0.05500495158829707,0.010272413367962032,0.014690102581506534,-0.02865420015732275,-0.01717892982365526,0.5326458103270375
10.0,16.0,-6.0,0.9393119717423508,0.6285714285714286,0.4,0.4,0.7142857142857143,0.7456472369417108,0.4612667171334847,0.8,0.5,0.0,0.6704859739233504,0.4383202099737532,2023_1336_1468,0.5996167659759521,-0.015706200611130598,0.014992821529375871,0.026034737898702434,0.15671473224741128,-0.005693755761027453,-0.018748587277229185,0.013097954708448043,0.0308312267383178,-0.014951357065969412,-0.05789906630046801,-0.0047866625433079625,-0.012111167236283287,-0.000427032156880816,-0.05294651135764222,0.008569818010825514,0.5326458103270375
16.0,15.0,1.0,0.8272008157847318,0.5,0.78125,0.6666666666666666,0.7142857142857143,0.5142568761039616,0.9735049205147616,0.6,0.9,0.0,0.5531034482758621,0.8089935760171306,2023_1304_1421,0.7009462714195251,-0.023565137110786626,0.09774479274697366,-0.02722545298764367,0.1996258585518104,-0.13455594125213038,-0.008260247070778437,-0.011264493945613574,0.025197008337219776,0.003938282633851726,0.03610588495695597,0.006879073159194564,-0.00020341150380829114,-0.003943598903976945,0.02884455815984745,-0.021016694778621215,0.5326458103270375
16.0,16.0,0.0,0.3897434521592364,0.4137931034482758,0.4827586206896552,0.5,0.8333333333333334,0.4239212717638153,0.6908907393388847,0.4,0.7,0.0,0.444602948169282,0.5294418842805939,2023_1219_1367,0.5829986929893494,-0.038282983255201096,0.0410790495515282,-0.017284385759728686,-0.08180790740145168,0.032479150327772474,-0.020423827405637113,0.012349736835878977,0.023126728648512448,0.05739695438352041,-0.0026354555094890444,0.027166791342139604,0.0013333490123269612,-0.0015740371628291728,-0.005187714798692602,0.02261744858148161,0.5326458103270375
16.0,16.0,0.0,0.7575102836581085,0.3870967741935484,0.4333333333333333,0.2727272727272727,0.5,0.4542013626040878,0.353267726469846,0.3,0.3,0.0,0.424390243902439,0.4794258373205741,2023_1273_1380,0.7358448505401611,-0.03782898349311849,0.07158228477083452,0.018909143154549578,0.10772730283289712,-0.007750942569739663,0.0009187002001126675,-0.017490660111832895,-0.005600494607404833,0.06342904207058797,-0.01739204513786255,-0.0029414105849793586,-0.0019369844514853718,0.003409913477157588,0.0005581793478981969,0.027606010306235326,0.5326458103270375
16.0,14.0,2.0,0.1438206458741278,0.3076923076923077,0.71875,0.5,0.6666666666666666,0.3444360333080999,0.9697199091597274,0.4,0.9,0.0,0.3493303571428571,0.7540695116586009,2023_1171_1286,0.4836313426494598,-0.03814708831629665,0.059428389899999635,-0.053464567015321665,-0.22544412237934877,0.019059839157522598,0.027926252456364174,0.018775710239437634,0.004897000269641464,0.06183778383502807,0.004926904094591412,0.0215712454614691,-0.003956615073028021,-0.0017024444430337607,0.018993176105288084,0.036284100595967664,0.5326458103270375
16.0,16.0,0.0,0.9054387044270396,0.4375,0.3235294117647059,0.5,0.4285714285714285,0.5672470350744385,0.4895281352510724,0.5,0.4,0.0,0.4731985940246045,0.3622641509433962,2023_1161_1248,0.6924352645874023,-0.03725537066206795,0.0758717567165119,0.013385450723674103,0.14019769410033492,-0.01708977976480115,0.014282504335446655,-0.002745737702438121,-0.013981018530213758,0.05948984787662615,-0.07210894440461704,-0.016864996391799378,-0.012251344537785334,-0.0011512287934375561,-0.03282610209213565,0.06283674897837989,0.5326458103270375
16.0,16.0,0.0,0.9154650022093666,0.4,0.1333333333333333,0.0,0.2,0.3797628059550845,0.0777188998233661,0.4,0.2,0.0,0.4605263157894737,0.1400832177531206,2023_1296_1354,0.5394469499588013,-0.044910485637475406,0.0748044666226691,0.005916195417344514,0.11375354589478416,-0.014478624318896273,-0.000991255085488688,0.0360575290365784,-0.010787951648184411,-0.03481686023102977,-0.08501871576320905,-0.0562303334164763,0.011824497661647303,0.008361464202169754,0.0038764205773154457,-0.0005587953289602426,0.5326458103270375
16.0,16.0,0.0,0.9244027851633372,0.625,0.2666666666666666,0.75,0.5,0.4171082513247539,0.0883169316174615,0.6,0.2,0.0,0.670843776106934,0.3103448275862069,2023_1182_1225,0.7005792260169983,-0.0114585745290954,0.06195755885527095,0.031678882932920774,0.18640556473251532,-0.0007023588857144633,-0.040377984706486014,-0.023823385072444237,-0.01107444609874641,0.04840281307796835,-0.10005605513794943,-0.005040920580027847,-0.0066610433133882365,-0.001219426161221952,-0.049119713097269785,0.08902248585828479,0.5326458103270375
16.0,16.0,0.0,0.8483278712607084,0.625,0.5161290322580645,0.5,0.8571428571428571,0.598788796366389,0.6555639666919001,0.6,0.6,0.0,0.6670838548185232,0.5540408958130477,2023_1387_1451,0.9022036194801332,-0.008592256766820551,0.06642382776107268,0.01246271139929974,0.1857257990023824,0.012098626487111597,-0.0002921129233034356,0.013375069080889005,0.02971052484389364,0.004753364564434714,0.01005685660890059,0.0019695088444255963,0.013474602408505197,-0.00136324170081221,-0.032187464215083395,0.06194196243386451,0.5326458103270375
16.0,15.0,1.0,0.2578483427878189,0.5185185185185185,0.7575757575757576,0.6,0.4,0.4082765581630078,0.9735049205147616,0.5,0.9,0.0,0.5362087326943556,0.7743311360992633,2023_1135_1159,0.2240951210260391,-0.030996072258279498,0.047227937272111234,-0.06409618025741536,-0.20066541604688154,-0.10032006565251902,-0.005177628133873783,-0.00037779754559312984,-0.01225256644801409,0.02762558477096684,0.002218950183864188,0.018117228594340236,-0.00026552995239698693,-0.0015315713804155428,-0.010388011619238807,0.022330356026144166,0.5326458103270375
16.0,16.0,0.0,0.2782055806943184,0.4285714285714285,0.5483870967741935,1.0,0.8,0.3570527378248801,0.3376230128690386,0.5,0.4,0.0,0.4724900737379466,0.5931758530183727,2023_1383_1420,0.2055999189615249,-0.07455892750351376,0.039816387392151896,-0.020598771299571054,-0.18662268073713442,0.030642176207314527,0.013692969844738228,-0.005610301901419854,-0.0010109837606068082,0.006051387980045036,-0.005068516735091919,0.0004216863315354237,-0.011579684456455236,-0.0013417247715050429,-0.06264039650230142,-0.048638520842110074,0.5326458103270375
16.0,16.0,0.0,0.9234708466655028,0.625,0.4516129032258064,0.5,0.25,0.6093868281604845,0.4839767852636891,0.6,0.5,0.0,0.666530612244898,0.4995219885277246,2023_1153_1352,0.7573853731155396,-0.030232667208800433,0.06854750796925513,0.015019052073473869,0.18169120875192604,0.010538172774319666,-0.011773572092230731,0.006426546879413274,-0.019165057417703614,0.015573757437570682,-0.04583165351746303,-0.0072885250630695874,-0.007504208066853661,-0.0017491211764680853,-0.03218767770918799,0.0826757857000743,0.5326458103270375
16.0,12.0,4.0,0.0644498894323292,0.3548387096774194,0.8666666666666667,0.4,1.0,0.348221044663134,1.0,0.4,1.0,0.0,0.39501953125,0.8888439773645918,2023_1137_1331,0.2212415337562561,-0.037223368132592284,0.0032412318975344905,-0.049904951873967526,-0.21392566970338384,0.0019467569780012351,-0.0491789650399263,0.011808064270760628,0.01877422661909641,0.020908278545287155,0.02754138781374463,0.010271414509841066,-0.003624998227157404,-0.007643777259643915,0.025932618001462328,-0.07032651959148911,0.5326458103270375
16.0,16.0,0.0,0.4459486332888446,0.5806451612903226,0.34375,0.6666666666666666,0.5555555555555556,0.5760787282361847,0.3002775674993692,0.8,0.3,0.0,0.6169336384439359,0.3725109276347741,2023_1355_1376,0.4340922236442566,-0.07209598571711563,0.0154153602774607,-0.0008498635032374697,-0.10622107334483907,0.0371954371135849,-0.03787136993844428,0.008554120977655667,0.016109218082811873,0.03528902830876019,-0.0007608063058160851,-0.0020426529845531402,-0.008280262574910992,-0.0072318027627140055,-0.01489490923389268,0.03913196125276491,0.5326458103270375
16.0,16.0,0.0,0.544861225391813,0.4615384615384615,0.3666666666666666,0.375,0.25,0.348221044663134,0.3974261922785768,0.3,0.4,0.0,0.5050847457627119,0.4083935018050541,2023_1217_1469,0.5805270075798035,-0.05659088118913159,0.08184412101305918,-0.0010275750440133513,0.07432674700099726,0.0200754715404778,0.004812623817161078,0.008342922811664528,-0.016033470067796558,-0.024658451861030578,-0.056802669511716565,-0.02063705638007267,0.0025772000297937386,-0.0020373496252255293,0.039452749043972155,-0.005763149540116242,0.5326458103270375
7.0,16.0,-9.0,0.9671783808744512,0.7272727272727273,0.3548387096774194,1.0,0.8333333333333334,0.7103204642947262,0.5722937168811507,0.7,0.4,0.0,0.7880289744567289,0.3874813710879284,2023_1281_1456,0.8813400864601135,0.005249026938316581,0.058993893525650126,0.04716702451972037,0.15145107467553967,-0.0065126076722448745,0.021379983606703207,-0.03203646337143483,0.018676779729382163,0.01875076803442805,0.007229632803561761,-0.000976824768587827,0.006519211485702768,0.00019555099836341902,-0.0038397876516580993,0.056446982906352076,0.5326458103270375
16.0,16.0,0.0,0.5124191776522001,0.5,0.6071428571428571,0.625,1.0,0.6429472621751199,0.7456472369417108,0.5,0.8,0.0,0.5238738738738739,0.6395911780527165,2023_1174_1287,0.3987307846546173,-0.03815520238452422,0.035369887685338754,-0.022158508046030444,-0.016058331502165086,-0.11078795556605157,-0.016625840482365803,-0.0008802133936058388,-0.004569840515901017,-0.0008498097347027464,-0.0033944830426242767,0.01293643475413008,-0.0034946993160801156,-0.000992530786024892,0.007855893851024885,0.0278901475136135,0.5326458103270375
16.0,16.0,0.0,0.255168673527348,0.3103448275862069,0.4375,0.0,0.1666666666666666,0.2119606358819076,0.4574817057784506,0.1,0.5,0.0,0.3490740740740741,0.471993052540165,2023_1132_1378,0.3701094686985016,-0.09234742737811946,0.04820378152895241,-0.016278854749103844,-0.12714710933036288,0.02557559731628338,0.046514942551380896,0.00030890270988985995,0.002723018982210133,0.048658363959764486,-0.029931690789707623,-0.008839471605103934,0.010770495621886589,-0.00544024314157595,-0.014073213927824981,-0.05123342867420526,0.5326458103270375
16.0,16.0,0.0,0.8916436344124865,0.4838709677419355,0.6129032258064516,0.25,1.0,0.6164521826898814,0.9046177138531416,0.6,0.8,0.0,0.5216379711493718,0.6489921121822962,2023_1172_1224,0.8668548464775085,-0.04075052916726828,0.06433777480705322,0.017568324707925,0.18007058562971742,-0.00903161059049231,-0.011401540193885345,0.058882422282094164,0.0091744578101158,-0.0007646639298607501,0.025817375181700866,0.007275254010431946,0.0013997209166275975,0.006608552122820378,-0.011017783017159461,0.0360406137285076,0.5326458103270375
16.0,16.0,0.0,0.0891213572993929,0.3548387096774194,0.34375,0.2,0.3333333333333333,0.6025738077214231,0.2119606358819076,0.6,0.1,0.0,0.3896756509821836,0.3789851818590031,2023_1315_1323,0.4933391213417053,-0.11618662968375512,0.03295665292805625,0.007850235265067623,-0.1369790032310371,0.030387337202244468,-0.004723137653427391,0.033601978795234674,0.01654390009771479,0.035720418013856725,-0.02274047904375228,-0.007356043397330723,0.05691046510295067,-0.0006590510990962751,-0.01164886922828348,0.04701549333196709,0.5326458103270375
16.0,16.0,0.0,0.4739529752602576,0.375,0.5172413793103449,0.3333333333333333,0.8,0.651778955336866,0.3338380015140045,0.6,0.6,0.0,0.4002939735423811,0.5600950118764846,2023_1291_1466,0.5440030694007874,-0.07039707724358052,0.02033340887330317,0.006081902430250196,-0.04217591938694536,0.043806262481980364,0.009715388029187469,-0.007449940805335915,0.024682317207476486,0.0231398902325794,-0.019508061216414792,0.009259473279775611,0.004849627272062341,0.00021675872952410446,-0.013848221541671797,0.022651476642383216,0.5326458103270375
16.0,16.0,0.0,0.921067565020808,0.6333333333333333,0.09375,0.2857142857142857,1.0,0.646732273530154,0.0353267726469845,0.7,0.1,0.0,0.6689566337483899,0.1148577449947313,2023_1241_1453,0.6856161952018738,-0.039144766507763176,0.018986179477934406,0.017582366912307596,0.20586256472610298,-0.010249381558906263,-0.04202428614107086,0.04733293574050567,0.019254742195845272,0.004853381346086434,-0.07256572789359111,0.005633749843229689,-0.008278894959037924,0.004128516749462308,-0.057935243844413654,0.05953425370850062,0.5326458103270375
6.0,16.0,-10.0,0.970052151279116,0.65625,0.3333333333333333,0.4,0.4,0.5104718647489276,0.176633863234923,0.6,0.2,0.0,0.6898417985012489,0.366513527309852,2023_1246_1318,0.4881311357021332,-0.002313400367142388,0.05776174903174697,0.008391491697978265,0.1308302966598526,-0.03682110199862515,-0.044786507432237874,0.009811124794682918,-0.021249266551593156,0.0482983785944264,-0.17823074994431296,-0.0034753657712532217,-0.010366486350543191,-2.6757512389936334e-06,-0.053071128627602125,0.05070903006794606,0.5326458103270375
9.0,12.0,-3.0,0.617224446087362,0.625,0.7878787878787878,0.25,0.5714285714285714,0.3250063083522584,0.8940196820590461,0.3,0.9,3.0,0.649763644177052,0.8272466146901929,2023_1120_1179,0.6062402129173279,-0.007202234640807285,0.0044819688741399135,0.0530623048816468,0.04524440099859297,-0.013708047233013125,0.0028586655007367444,0.031779523212488184,0.013106243794903787,-0.022671811116120426,0.029771175786344382,0.020724422674371072,-0.0034441580001312983,-0.008405410862368644,-0.05706158050704681,-0.014941060745119918,0.5326458103270375
1.0,16.0,-15.0,0.979883277920971,0.8529411764705882,0.3666666666666666,1.0,0.25,0.8637395912187735,0.3974261922785768,0.8,0.4,0.0,0.8761632068718683,0.4083935018050541,2023_1104_1469,0.9925899505615234,0.0435851657640867,0.02418727445195883,0.1793997989224339,0.13803785053359724,0.02413058994581208,0.018714915147487375,-0.0036109430447499773,-0.009544377891244198,0.0034600910298791666,-0.009138729712436953,0.0009457872705258243,-0.0007439429992480268,0.0028210141555103426,0.03016796504369463,0.01753174644618437,0.5326458103270375
16.0,16.0,0.0,0.8331694338243207,0.7575757575757576,0.4,0.7142857142857143,0.0,0.639666919000757,0.3797628059550845,0.7,0.4,0.0,0.8009259259259259,0.4605263157894737,2023_1200_1296,0.7350506782531738,-0.01463994757972486,0.03064188552415808,0.01993615861873245,0.18572531244856885,-0.007340826747107982,-0.0004738535374953048,-0.033894220375647495,-0.031819426228581874,0.011012011445066992,-0.024460770184313224,0.003129248053540017,-0.014584390698647049,-0.001488206613225529,0.005604839681909628,0.07505702722907692,0.5326458103270375
16.0,16.0,0.0,0.5144612414386739,0.4333333333333333,0.3225806451612903,0.6666666666666666,0.5714285714285714,0.5513499873832954,0.2543527630582892,0.5,0.2,0.0,0.4812030075187969,0.347547974413646,2023_1138_1333,0.6998748183250427,-0.038061312778871176,0.010659239776412192,0.01988748571994624,-0.007996957113708812,0.036225427691070566,0.010872055999303744,0.007019676591908305,-0.001243299016636153,0.07464098294531082,-0.019178170150723654,0.009930728959229173,-0.0037636390177494695,-0.0010861100166451323,0.013874792526115357,0.05544810019593563,0.5326458103270375
16.0,16.0,0.0,0.3390250488821749,0.65625,0.5333333333333333,0.75,0.4,0.6290688872066615,0.4574817057784506,0.7,0.5,0.0,0.7067953020134228,0.5444191343963554,2023_1322_1413,0.3429621756076813,-0.09644717341168091,0.018196257378068587,-0.0005634348636584195,-0.13507284264934522,-0.01897763156215453,0.005316652891021005,-0.014414594673031734,-0.009339145601420512,0.0184038860925448,-0.015088150097809994,0.004566596964877921,-0.026035288830657196,0.001322766944317118,0.052334368174826,0.026114183734911003,0.5326458103270375
16.0,16.0,0.0,0.2941669284613121,0.3548387096774194,0.3103448275862069,0.4,0.3333333333333333,0.348221044663134,0.47186474892758,0.4,0.5,0.0,0.39501953125,0.3455847255369928,2023_1137_1275,0.2241788208484649,-0.08714522057082826,0.032331788942840015,-0.026477520390841364,-0.1599185684933856,0.022876927464179467,0.0031603121299355087,0.01704013348386071,0.01062017917070045,0.0024119828286708533,-0.056127089288499146,-0.006400407408874934,-0.01738880737995405,-0.00127976392510619,-0.03528549734530845,-0.006885417313831885,0.5326458103270375
16.0,5.0,11.0,0.0213320715458904,0.3548387096774194,0.8125,0.2,0.8571428571428571,0.6025738077214231,0.9293464547060308,0.6,0.9,0.0,0.3896756509821836,0.8256679807271134,2023_1315_1361,0.2248723655939102,-0.058810180024612906,-0.007704183790600803,-0.13109194750859027,-0.19785475624099372,-0.0010175807175906238,-0.021774851448523265,0.03034866607899136,0.024543496491062248,0.005692194828629137,0.01151757751274726,0.014002372107078475,-0.00036137566408728277,-0.002978185737577027,0.04570208944121613,-0.017986785378790712,0.5326458103270375
5.0,16.0,-11.0,0.9906997655471284,0.7647058823529411,0.375,0.6666666666666666,0.5833333333333334,0.9735049205147616,0.2031289427201614,0.9,0.3,0.0,0.7931873479318735,0.3821318000884564,2023_1181_1477,0.4697809517383575,-0.009390715271762634,0.015448070936959052,0.08113327938730515,0.16869674407398524,-0.07050293129775764,-0.040375902532071795,-0.018346047683322087,-0.015021314728153816,-0.029702497653790266,-0.14213518669273495,-0.0009798327189104161,-0.02346007458170802,0.002220754026931576,0.0019538942705293345,0.01759691547215127,0.5326458103270375
16.0,6.0,10.0,0.1129219736555561,0.21875,0.59375,0.3333333333333333,0.4285714285714285,0.0706535452939691,0.4592480444107999,0.1,0.3,0.0,0.2530337078651685,0.6442922374429224,2023_1207_1235,0.6659873127937317,-0.08092641772232087,0.0050050623000485964,-0.01959572575687689,-0.06413279749747394,0.041563281435049025,0.04663834937908057,-0.006252027091031123,0.013114236962501167,0.13761025982194613,-0.01840803425269497,-0.002179456972728467,0.0352803392522408,-0.0023699134630585043,-0.00018333520027623754,0.04817768956783107,0.5326458103270375
16.0,16.0,0.0,0.023122427856613,0.2333333333333333,0.65625,0.5,0.5,0.0777188998233661,0.360333080999243,0.2,0.3,0.0,0.2610784837159637,0.6788207913110939,2023_1106_1307,0.818316638469696,-0.05069320253779981,0.040276497632774896,0.004473840953561158,-0.07219379727138048,0.04061811652328813,0.049790916388741044,0.017194071803063968,0.007125197404213748,0.13781941443648354,0.04984146304698256,-0.0008908558642435976,0.03969342175070344,-0.0016631560579042158,-0.03728389523070902,0.06156280298752307,0.5326458103270375
12.0,16.0,-4.0,0.8974952148348045,0.7878787878787878,0.4,0.5714285714285714,0.7142857142857143,0.8940196820590461,0.4612667171334847,0.9,0.5,0.0,0.8272466146901929,0.4383202099737532,2023_1179_1468,0.7381452918052673,-0.013480273957078315,-0.020363199789097074,0.02883593854437549,0.2223186327903295,0.019650890582278834,-0.008082846371425208,0.0030023504982409533,0.041080577546517005,-0.02526308945930277,-0.050154847690283895,-0.006476417260711568,-0.019247636650632692,0.0010133954967557531,0.017417032586750824,0.015248974022394066,0.5326458103270375
16.0,16.0,0.0,0.0332488454397231,0.1785714285714285,0.5161290322580645,0.6,0.5,0.1009336361342416,0.5281352510724199,0.2,0.5,0.0,0.2027180067950169,0.5419512195121952,2023_1175_1180,0.4992238283157348,-0.07634211048949073,0.03936687269752864,-0.009141349814809496,-0.11034962803604753,0.02733493629021773,0.05980803728336045,0.01651764548045152,0.010731797031463361,0.06216612610917375,-0.040378930024632886,0.0065230480915268296,0.02930960696339884,-0.0021168408224401295,-0.044238334598882156,-0.0026129021515766764,0.5326458103270375
16.0,12.0,4.0,0.0081805902024251,0.15625,0.8666666666666667,0.0,1.0,0.2952308856926571,1.0,0.3,1.0,0.0,0.1961085509472606,0.8888439773645918,2023_1290_1331,0.1448997855186462,-0.03246018273579556,0.007200458158970504,-0.056532605301607156,-0.19618794109556442,-0.018034459936912755,-0.03988323708471705,0.03369623422765603,0.0005085802350043413,-0.05287782389897501,0.009585031407555738,0.00818982873261815,-0.0033201465408160703,-0.006504372265398919,0.012320591962559793,-0.053445972334965404,0.5326458103270375
16.0,16.0,0.0,0.9344771839542309,0.4848484848484848,0.3235294117647059,0.6,0.4285714285714285,0.47186474892758,0.4895281352510724,0.5,0.4,0.0,0.512972234865726,0.3622641509433962,2023_1130_1248,0.8012371063232422,-0.020460971641694123,0.06010552552530926,0.01862925363503328,0.1360824604966412,-0.006808909386640859,0.0186361888554294,0.011673088991790575,-0.007108542425857472,0.0859920862963337,-0.05595387959403344,-0.0025746048652867627,-0.010524572576216489,-0.001061640271685079,-0.02041035497872425,0.062376180065112495,0.5326458103270375
16.0,16.0,0.0,0.2222415312926262,0.3333333333333333,0.2666666666666666,0.5,0.3333333333333333,0.0688872066616199,0.2543527630582892,0.2,0.2,0.0,0.375462718138551,0.3099902056807052,2023_1282_1461,0.521121084690094,-0.08011153810849093,0.04685189396460842,0.0009327234883367331,-0.1181959465286358,0.0519747146321466,0.031982168757203305,0.008589856177163758,0.009793727303714838,0.10204880687702905,0.011065872002407494,-0.005760736705454231,0.015080949543948029,-0.0015662047138388718,-0.04035383999455476,-0.0438571808728231,0.5326458103270375
9.0,16.0,-7.0,0.7144074390065972,0.625,0.4375,0.25,1.0,0.3250063083522584,0.1836992177643199,0.3,0.3,0.0,0.649763644177052,0.5220306513409961,2023_1120_1139,0.3790055513381958,-0.010663101273439737,0.0541404798362706,0.015655253964345937,0.07886524356075236,-0.03472513123237403,-0.045975042891125265,0.06624534660640329,0.024616759456114537,-0.12069907827128619,-0.13333437621742517,0.010280403902054092,-0.012584702217839146,0.01374078627671653,-0.0374556601250915,-0.021747464196876756,0.5326458103270375
10.0,16.0,-6.0,0.9708850049677858,0.6875,0.5,0.5714285714285714,0.5,0.5104718647489276,0.5122382033812768,0.6,0.4,0.0,0.7200515242593388,0.5366771159874608,2023_1425_1447,0.7822803258895874,-0.006075442642423299,0.0433257261054777,0.042300079890819076,0.17171231804637338,-0.025921546900038676,0.02519840163850165,0.008745339350754755,-0.009877462585827073,0.049094570317881565,-0.05249612585098793,-0.0040306620406425735,-0.01949222534402167,-0.000651764995724948,-0.0067047152860478685,0.03450798931872157,0.5326458103270375
16.0,16.0,0.0,0.7892070901208091,0.7272727272727273,0.4516129032258064,0.6666666666666666,0.6666666666666666,0.7880393641180924,0.708554125662377,0.9,0.7,0.0,0.7700603968938741,0.4795872588604755,2023_1133_1295,0.6749354004859924,-0.028791030359207614,0.06347162815189959,0.003207129149871932,0.10363045954315207,-0.004795693550000005,-0.020564738473074495,-0.00198386388801881,-0.0024394935793056217,-0.003262042721647823,0.002719836460554358,-0.0030441919143130635,0.0037668762529302784,-0.0019974327389957287,-0.0032813682363125444,0.035653482526999465,0.5326458103270375
