Season,TeamA,TeamB,WinGap,Win,WinRatioA,PtsForRatioA,WinRatioB,PtsForRatioB,RatingA,RatingB,RatingDiff
2016,1112,1455,-10,0,0.7575757575757576,0.7675373134328358,0.7419354838709677,0.7847375385972651,86.59,86.59,86.59
2016,1463,1124,4,1,0.7777777777777778,0.8170064644455495,0.65625,0.7039312039312039,85.47,85.47,85.47
2016,1218,1143,11,1,0.8333333333333334,0.8435609334485739,0.696969696969697,0.7248890681726503,85.62,85.62,85.62
2016,1234,1396,2,1,0.6774193548387096,0.7071458075175547,0.65625,0.6863905325443787,78.48,78.48,78.48
2016,1355,1268,-5,0,0.7741935483870968,0.7812765957446809,0.75,0.7786512205213074,87.37,87.37,87.37
2016,1386,1153,2,1,0.7941176470588235,0.7941622441243367,0.6875,0.7087959009393681,83.7,83.7,83.7
2016,1320,1400,3,1,0.6363636363636364,0.6680125616868551,0.625,0.6513359614542269,84.66,84.66,84.66
2016,1323,1276,7,1,0.65625,0.7057366900536525,0.6363636363636364,0.6767100977198697,79.57,79.57,79.57
2016,1167,1328,-14,0,0.7241379310344828,0.7602114368092263,0.78125,0.7990672366886903,89.96,89.96,89.96
2016,1332,1221,39,1,0.8181818181818182,0.8379629629629629,0.4242424242424242,0.4582560296846011,66.85,66.85,66.85
2016,1372,1452,14,1,0.8214285714285714,0.859452177817692,0.7647058823529411,0.8076494615670257,89.3,89.3,89.3
2016,1214,1438,-36,0,0.6666666666666666,0.7007558915073366,0.7878787878787878,0.8096468561584841,92.46,92.46,92.46
2016,1292,1277,9,1,0.7096774193548387,0.7417484388938448,0.8529411764705882,0.8683628318584071,91.84,91.84,91.84
2016,1201,1428,-11,0,0.71875,0.7441373534338358,0.7575757575757576,0.804675118858954,86.64,86.64,86.64
2016,1151,1231,-25,0,0.84375,0.875888006686168,0.78125,0.8097227497151538,87.36,87.36,87.36
2016,1435,1455,-20,0,0.59375,0.6404723127035831,0.7419354838709677,0.7847375385972651,86.59,86.59,86.59
2016,1195,1314,-16,0,0.5517241379310345,0.5916970802919708,0.8235294117647058,0.8437611726850197,93.94,93.94,93.94
2016,1274,1138,7,1,0.78125,0.8057851239669421,0.5757575757575758,0.622626582278481,75.66,75.66,75.66
2016,1392,1246,-28,0,0.8,0.8264134275618374,0.7647058823529411,0.7855297157622739,90.69,90.69,90.69
2016,1242,1122,26,1,0.8787878787878788,0.8962264150943396,0.4848484848484848,0.5409570154095702,68.83,68.83,68.83
2016,1235,1233,13,1,0.65625,0.6586483390607102,0.6875,0.6968983117393012,78.22,78.22,78.22
2016,1371,1211,-16,0,0.7575757575757576,0.7688259109311741,0.78125,0.8258647798742138,85.96,85.96,85.96
2016,1181,1423,8,1,0.696969696969697,0.7395833333333334,0.7666666666666667,0.7937660119555935,77.72,77.72,77.72
2016,1160,1163,-7,0,0.65625,0.7100248550124275,0.7058823529411765,0.7544070512820513,85.32,85.32,85.32
2016,1139,1403,10,1,0.6774193548387096,0.7369895916733387,0.6129032258064516,0.6528520499108734,81.27,81.27,81.27
2016,1345,1114,-2,0,0.7647058823529411,0.8017404464623534,0.8709677419354839,0.8751152073732719,78.9,78.9,78.9
2016,1276,1409,5,1,0.6363636363636364,0.6767100977198697,0.6451612903225806,0.6656495204882301,79.93,79.93,79.93
2016,1380,1221,-4,0,0.6129032258064516,0.6413043478260869,0.4242424242424242,0.4582560296846011,66.85,66.85,66.85
2016,1173,1393,-19,0,0.78125,0.8018787361229718,0.59375,0.6221628838451269,82.69,82.69,82.69
2016,1425,1344,-1,0,0.6363636363636364,0.6750374812593704,0.696969696969697,0.720196640721016,82.48,82.48,82.48
2016,1401,1453,27,1,0.7647058823529411,0.790778767919411,0.6363636363636364,0.6442097596504006,76.18,76.18,76.18
2016,1292,1393,-25,0,0.7096774193548387,0.7417484388938448,0.59375,0.6221628838451269,82.69,82.69,82.69
2016,1421,1437,-30,0,0.6451612903225806,0.6591598094413166,0.8529411764705882,0.8639663737103553,91.29,91.29,91.29
2016,1437,1242,5,1,0.8529411764705882,0.8639663737103553,0.8787878787878788,0.8962264150943396,94.46,94.46,94.46
2016,1314,1323,14,1,0.8235294117647058,0.8437611726850197,0.65625,0.7057366900536525,84.36,84.36,84.36
2016,1438,1393,-6,0,0.7878787878787878,0.8096468561584841,0.59375,0.6221628838451269,82.69,82.69,82.69
2016,1314,1393,17,1,0.8235294117647058,0.8437611726850197,0.59375,0.6221628838451269,82.69,82.69,82.69
2016,1437,1328,44,1,0.8529411764705882,0.8639663737103553,0.78125,0.7990672366886903,89.96,89.96,89.96
2016,1314,1437,-3,0,0.8235294117647058,0.8437611726850197,0.8529411764705882,0.8639663737103553,91.29,91.29,91.29
2016,1393,1211,3,1,0.59375,0.6221628838451269,0.78125,0.8258647798742138,85.96,85.96,85.96
2016,1458,1323,-5,0,0.625,0.6683303085299456,0.65625,0.7057366900536525,84.36,84.36,84.36
2016,1231,1314,-15,0,0.78125,0.8097227497151538,0.8235294117647058,0.8437611726850197,93.94,93.94,93.94
2016,1274,1437,-23,0,0.78125,0.8057851239669421,0.8529411764705882,0.8639663737103553,91.29,91.29,91.29
2016,1181,1332,-14,0,0.696969696969697,0.7395833333333334,0.8181818181818182,0.8379629629629629,88.0,88.0,88.0
2016,1328,1401,14,1,0.78125,0.7990672366886903,0.7647058823529411,0.790778767919411,86.82,86.82,86.82
2016,1242,1268,16,1,0.8787878787878788,0.8962264150943396,0.75,0.7786512205213074,87.37,87.37,87.37
2016,1462,1458,-3,0,0.84375,0.8632347291586631,0.625,0.6683303085299456,84.75,84.75,84.75
2016,1437,1234,19,1,0.8529411764705882,0.8639663737103553,0.6774193548387096,0.7071458075175547,85.91,85.91,85.91
2016,1401,1320,4,1,0.7647058823529411,0.790778767919411,0.6363636363636364,0.6680125616868551,80.24,80.24,80.24
2016,1195,1192,31,1,0.5517241379310345,0.5916970802919708,0.5483870967741935,0.5890008396305626,66.72,66.72,66.72
2016,1458,1338,4,1,0.625,0.6683303085299456,0.6451612903225806,0.7237122179650916,82.29,82.29,82.29
2016,1451,1462,-18,0,0.7419354838709677,0.7610389610389611,0.84375,0.8632347291586631,87.73,87.73,87.73
2016,1181,1463,7,1,0.696969696969697,0.7395833333333334,0.7777777777777778,0.8170064644455495,80.2,80.2,80.2
2016,1428,1211,-23,0,0.7575757575757576,0.804675118858954,0.78125,0.8258647798742138,85.96,85.96,85.96
2016,1231,1246,6,1,0.78125,0.8097227497151538,0.7647058823529411,0.7855297157622739,90.69,90.69,90.69
2016,1235,1114,17,1,0.65625,0.6586483390607102,0.8709677419354839,0.8751152073732719,78.9,78.9,78.9
2016,1333,1433,-8,0,0.6,0.6310185185185185,0.7058823529411765,0.7394285714285714,83.05,83.05,83.05
2016,1163,1242,-12,0,0.7058823529411765,0.7544070512820513,0.8787878787878788,0.8962264150943396,94.46,94.46,94.46
2016,1344,1314,-19,0,0.696969696969697,0.720196640721016,0.8235294117647058,0.8437611726850197,93.94,93.94,93.94
2016,1438,1139,8,1,0.7878787878787878,0.8096468561584841,0.6774193548387096,0.7369895916733387,84.17,84.17,84.17
2016,1218,1268,-13,0,0.8333333333333334,0.8435609334485739,0.75,0.7786512205213074,87.37,87.37,87.37
2016,1372,1323,-1,0,0.8214285714285714,0.859452177817692,0.65625,0.7057366900536525,84.36,84.36,84.36
2016,1433,1328,-4,0,0.7058823529411765,0.7394285714285714,0.78125,0.7990672366886903,89.96,89.96,89.96
2016,1386,1332,-5,0,0.7941176470588235,0.7941622441243367,0.8181818181818182,0.8379629629629629,88.0,88.0,88.0
2016,1274,1455,8,1,0.78125,0.8057851239669421,0.7419354838709677,0.7847375385972651,86.59,86.59,86.59
2016,1192,1195,-31,0,0.5483870967741935,0.5890008396305626,0.5517241379310345,0.5916970802919708,71.41,71.41,71.41
2016,1214,1438,-36,0,0.6666666666666666,0.7007558915073366,0.7878787878787878,0.8096468561584841,92.46,92.46,92.46
2016,1380,1221,-4,0,0.6129032258064516,0.6413043478260869,0.4242424242424242,0.4582560296846011,66.85,66.85,66.85
2016,1246,1231,-6,0,0.7647058823529411,0.7855297157622739,0.78125,0.8097227497151538,87.36,87.36,87.36
2016,1114,1235,-17,0,0.8709677419354839,0.8751152073732719,0.65625,0.6586483390607102,86.5,86.5,86.5
2016,1163,1242,-12,0,0.7058823529411765,0.7544070512820513,0.8787878787878788,0.8962264150943396,94.46,94.46,94.46
2016,1455,1274,-8,0,0.7419354838709677,0.7847375385972651,0.78125,0.8057851239669421,87.05,87.05,87.05
2016,1344,1314,-19,0,0.696969696969697,0.720196640721016,0.8235294117647058,0.8437611726850197,93.94,93.94,93.94
2016,1139,1438,-8,0,0.6774193548387096,0.7369895916733387,0.7878787878787878,0.8096468561584841,92.46,92.46,92.46
2016,1268,1218,13,1,0.75,0.7786512205213074,0.8333333333333334,0.8435609334485739,78.02,78.02,78.02
2016,1323,1372,1,1,0.65625,0.7057366900536525,0.8214285714285714,0.859452177817692,80.98,80.98,80.98
2016,1433,1328,-4,0,0.7058823529411765,0.7394285714285714,0.78125,0.7990672366886903,89.96,89.96,89.96
2016,1332,1386,5,1,0.8181818181818182,0.8379629629629629,0.7941176470588235,0.7941622441243367,81.61,81.61,81.61
2016,1292,1393,-25,0,0.7096774193548387,0.7417484388938448,0.59375,0.6221628838451269,82.69,82.69,82.69
2016,1320,1401,-4,0,0.6363636363636364,0.6680125616868551,0.7647058823529411,0.790778767919411,86.82,86.82,86.82
2016,1234,1437,-19,0,0.6774193548387096,0.7071458075175547,0.8529411764705882,0.8639663737103553,91.29,91.29,91.29
2016,1462,1458,-3,0,0.84375,0.8632347291586631,0.625,0.6683303085299456,84.75,84.75,84.75
2016,1211,1428,23,1,0.78125,0.8258647798742138,0.7575757575757576,0.804675118858954,86.64,86.64,86.64
2016,1268,1242,-16,0,0.75,0.7786512205213074,0.8787878787878788,0.8962264150943396,94.46,94.46,94.46
2016,1181,1332,-14,0,0.696969696969697,0.7395833333333334,0.8181818181818182,0.8379629629629629,88.0,88.0,88.0
2016,1274,1437,-23,0,0.78125,0.8057851239669421,0.8529411764705882,0.8639663737103553,91.29,91.29,91.29
2016,1314,1231,15,1,0.8235294117647058,0.8437611726850197,0.78125,0.8097227497151538,87.36,87.36,87.36
2016,1323,1458,5,1,0.65625,0.7057366900536525,0.625,0.6683303085299456,84.75,84.75,84.75
2016,1393,1211,3,1,0.59375,0.6221628838451269,0.78125,0.8258647798742138,85.96,85.96,85.96
2016,1438,1235,13,1,0.7878787878787878,0.8096468561584841,0.65625,0.6586483390607102,86.5,86.5,86.5
2016,1332,1328,-12,0,0.8181818181818182,0.8379629629629629,0.78125,0.7990672366886903,89.96,89.96,89.96
2016,1437,1242,5,1,0.8529411764705882,0.8639663737103553,0.8787878787878788,0.8962264150943396,94.46,94.46,94.46
2016,1314,1323,14,1,0.8235294117647058,0.8437611726850197,0.65625,0.7057366900536525,84.36,84.36,84.36
2016,1393,1438,6,1,0.59375,0.6221628838451269,0.7878787878787878,0.8096468561584841,92.46,92.46,92.46
2016,1314,1393,17,1,0.8235294117647058,0.8437611726850197,0.59375,0.6221628838451269,82.69,82.69,82.69
2016,1328,1437,-44,0,0.78125,0.7990672366886903,0.8529411764705882,0.8639663737103553,91.29,91.29,91.29
2016,1314,1437,-3,0,0.8235294117647058,0.8437611726850197,0.8529411764705882,0.8639663737103553,91.29,91.29,91.29
2016,1332,1328,-12,0,0.8181818181818182,0.8379629629629629,0.78125,0.7990672366886903,89.96,89.96,89.96
2016,1401,1328,-14,0,0.7647058823529411,0.790778767919411,0.78125,0.7990672366886903,89.96,89.96,89.96
2016,1435,1455,-20,0,0.59375,0.6404723127035831,0.7419354838709677,0.7847375385972651,86.59,86.59,86.59
2016,1463,1181,-7,0,0.7777777777777778,0.8170064644455495,0.696969696969697,0.7395833333333334,87.33,87.33,87.33
2016,1458,1338,4,1,0.625,0.6683303085299456,0.6451612903225806,0.7237122179650916,82.29,82.29,82.29
2016,1409,1276,-5,0,0.6451612903225806,0.6656495204882301,0.6363636363636364,0.6767100977198697,79.57,79.57,79.57
2016,1345,1114,-2,0,0.7647058823529411,0.8017404464623534,0.8709677419354839,0.8751152073732719,78.9,78.9,78.9
2016,1139,1403,10,1,0.6774193548387096,0.7369895916733387,0.6129032258064516,0.6528520499108734,81.27,81.27,81.27
2016,1163,1160,7,1,0.7058823529411765,0.7544070512820513,0.65625,0.7100248550124275,81.46,81.46,81.46
2016,1181,1423,8,1,0.696969696969697,0.7395833333333334,0.7666666666666667,0.7937660119555935,77.72,77.72,77.72
2016,1211,1371,16,1,0.78125,0.8258647798742138,0.7575757575757576,0.7688259109311741,84.46,84.46,84.46
2016,1231,1151,25,1,0.78125,0.8097227497151538,0.84375,0.875888006686168,76.6,76.6,76.6
2016,1233,1235,-13,0,0.6875,0.6968983117393012,0.65625,0.6586483390607102,86.5,86.5,86.5
2016,1242,1122,26,1,0.8787878787878788,0.8962264150943396,0.4848484848484848,0.5409570154095702,68.83,68.83,68.83
2016,1392,1246,-28,0,0.8,0.8264134275618374,0.7647058823529411,0.7855297157622739,90.69,90.69,90.69
2016,1138,1274,-7,0,0.5757575757575758,0.622626582278481,0.78125,0.8057851239669421,87.05,87.05,87.05
2016,1314,1195,16,1,0.8235294117647058,0.8437611726850197,0.5517241379310345,0.5916970802919708,71.41,71.41,71.41
2016,1344,1425,1,1,0.696969696969697,0.720196640721016,0.6363636363636364,0.6750374812593704,81.4,81.4,81.4
2016,1428,1201,11,1,0.7575757575757576,0.804675118858954,0.71875,0.7441373534338358,76.61,76.61,76.61
2016,1451,1462,-18,0,0.7419354838709677,0.7610389610389611,0.84375,0.8632347291586631,87.73,87.73,87.73
2016,1112,1455,-10,0,0.7575757575757576,0.7675373134328358,0.7419354838709677,0.7847375385972651,86.59,86.59,86.59
2016,1143,1218,-11,0,0.696969696969697,0.7248890681726503,0.8333333333333334,0.8435609334485739,78.02,78.02,78.02
2016,1396,1234,-2,0,0.65625,0.6863905325443787,0.6774193548387096,0.7071458075175547,85.91,85.91,85.91
2016,1355,1268,-5,0,0.7741935483870968,0.7812765957446809,0.75,0.7786512205213074,87.37,87.37,87.37
2016,1277,1292,-9,0,0.8529411764705882,0.8683628318584071,0.7096774193548387,0.7417484388938448,75.02,75.02,75.02
2016,1320,1400,3,1,0.6363636363636364,0.6680125616868551,0.625,0.6513359614542269,84.66,84.66,84.66
2016,1323,1276,7,1,0.65625,0.7057366900536525,0.6363636363636364,0.6767100977198697,79.57,79.57,79.57
2016,1328,1167,14,1,0.78125,0.7990672366886903,0.7241379310344828,0.7602114368092263,74.97,74.97,74.97
2016,1221,1332,-39,0,0.4242424242424242,0.4582560296846011,0.8181818181818182,0.8379629629629629,88.0,88.0,88.0
2016,1452,1372,-14,0,0.7647058823529411,0.8076494615670257,0.8214285714285714,0.859452177817692,80.98,80.98,80.98
2016,1153,1386,-2,0,0.6875,0.7087959009393681,0.7941176470588235,0.7941622441243367,81.61,81.61,81.61
2016,1173,1393,-19,0,0.78125,0.8018787361229718,0.59375,0.6221628838451269,82.69,82.69,82.69
2016,1453,1401,-27,0,0.6363636363636364,0.6442097596504006,0.7647058823529411,0.790778767919411,86.82,86.82,86.82
2016,1433,1333,8,1,0.7058823529411765,0.7394285714285714,0.6,0.6310185185185185,77.63,77.63,77.63
2016,1437,1421,30,1,0.8529411764705882,0.8639663737103553,0.6451612903225806,0.6591598094413166,74.17,74.17,74.17
2016,1463,1124,4,1,0.7777777777777778,0.8170064644455495,0.65625,0.7039312039312039,85.47,85.47,85.47
2016,1438,1235,13,1,0.7878787878787878,0.8096468561584841,0.65625,0.6586483390607102,86.5,86.5,86.5
2017,1314,1332,1,1,0.7878787878787878,0.8217750628817823,0.8484848484848485,0.8713405238828967,87.3,87.3,87.3
2017,1291,1309,1,1,0.5588235294117647,0.5970727507533362,0.6071428571428571,0.6375567895002524,69.24,69.24,69.24
2017,1243,1448,7,1,0.6060606060606061,0.6294888043937473,0.59375,0.6234404536862004,82.96,82.96,82.96
2017,1233,1332,-16,0,0.6470588235294118,0.6684941520467836,0.8484848484848485,0.8713405238828967,87.3,87.3,87.3
2017,1314,1411,39,1,0.7878787878787878,0.8217750628817823,0.6764705882352942,0.6955318307631475,70.99,70.99,70.99
2017,1274,1277,-20,0,0.65625,0.7027027027027027,0.5757575757575758,0.6210392902408112,82.79,82.79,82.79
2017,1329,1276,-1,0,0.6129032258064516,0.6471927162367223,0.6857142857142857,0.7108479755538579,86.86,86.86,86.86
2017,1257,1240,15,1,0.75,0.7863764611043934,0.5625,0.5857854232684473,71.17,71.17,71.17
2017,1297,1246,-9,0,0.6875,0.7216193656093489,0.8529411764705882,0.8696098562628337,92.28,92.28,92.28
2017,1413,1242,-38,0,0.625,0.6545045045045045,0.875,0.8719304873441632,92.18,92.18,92.18
2017,1407,1181,-22,0,0.5882352941176471,0.6198058252427184,0.7714285714285715,0.7941905773999292,92.26,92.26,92.26
2017,1153,1243,14,1,0.8529411764705882,0.8846761453396524,0.6060606060606061,0.6294888043937473,83.08,83.08,83.08
2017,1124,1308,18,1,0.7741935483870968,0.7900900900900901,0.8333333333333334,0.8639690055962118,75.6,75.6,75.6
2017,1116,1371,6,1,0.7352941176470589,0.7677847401400664,0.65625,0.696078431372549,82.95,82.95,82.95
2017,1268,1462,-11,0,0.7419354838709677,0.7684210526315789,0.6176470588235294,0.6515569570358691,82.34,82.34,82.34
2017,1439,1458,-10,0,0.6875,0.7152996845425867,0.7352941176470589,0.7730989370400654,87.84,87.84,87.84
2017,1137,1452,-6,0,0.7647058823529411,0.7821552723059096,0.7647058823529411,0.7825618945102261,90.8,90.8,90.8
2017,1423,1438,-5,0,0.84375,0.8661654135338346,0.6875,0.7221961520412952,90.02,90.02,90.02
2017,1291,1437,-20,0,0.5588235294117647,0.5970727507533362,0.9117647058823528,0.925785687239682,95.18,95.18,95.18
2017,1433,1388,-8,0,0.7647058823529411,0.8007089405277669,0.875,0.9014756944444444,87.39,87.39,87.39
2017,1345,1436,10,1,0.78125,0.797191887675507,0.8484848484848485,0.8740710156895128,79.49,79.49,79.49
2017,1343,1323,-2,0,0.7857142857142857,0.7887039838628341,0.7352941176470589,0.7647058823529411,86.68,86.68,86.68
2017,1321,1435,2,1,0.6764705882352942,0.7265204799338022,0.5588235294117647,0.5967808501857201,83.79,83.79,83.79
2017,1292,1278,9,1,0.8787878787878788,0.897917517354022,0.7272727272727273,0.7624798711755234,81.23,81.23,81.23
2017,1235,1305,11,1,0.696969696969697,0.7407268639940052,0.8235294117647058,0.852519308569327,80.73,80.73,80.73
2017,1355,1211,-20,0,0.5,0.535468179975679,0.9696969696969696,0.974561089215335,93.71,93.71,93.71
2017,1199,1195,6,1,0.7575757575757576,0.7875780962881294,0.7666666666666667,0.7963366768425644,75.81,75.81,75.81
2017,1190,1196,-15,0,0.78125,0.8150765606595995,0.75,0.7836327345309381,87.84,87.84,87.84
2017,1139,1457,12,1,0.7419354838709677,0.7708245243128964,0.8,0.8007566204287516,75.53,75.53,75.53
2017,1315,1112,-18,0,0.6785714285714286,0.7190195188379482,0.8823529411764706,0.9008870034708832,88.99,88.99,88.99
2017,1425,1344,4,1,0.7272727272727273,0.7547169811320755,0.625,0.6579181494661922,81.75,81.75,81.75
2017,1166,1348,-12,0,0.7272727272727273,0.7591973244147158,0.7272727272727273,0.7596034696406444,84.02,84.02,84.02
2017,1376,1266,20,1,0.6774193548387096,0.7021660649819494,0.6129032258064516,0.6602814698983581,83.01,83.01,83.01
2017,1245,1417,-17,0,0.6176470588235294,0.6419992251065478,0.8787878787878788,0.891683433936955,88.02,88.02,88.02
2017,1425,1374,1,1,0.7272727272727273,0.7547169811320755,0.8823529411764706,0.9001578531965272,88.43,88.43,88.43
2017,1332,1242,14,1,0.8484848484848485,0.8713405238828967,0.875,0.8719304873441632,92.18,92.18,92.18
2017,1246,1314,-2,0,0.8529411764705882,0.8696098562628337,0.7878787878787878,0.8217750628817823,91.74,91.74,91.74
2017,1376,1196,7,1,0.6774193548387096,0.7021660649819494,0.75,0.7836327345309381,87.84,87.84,87.84
2017,1376,1211,-4,0,0.6774193548387096,0.7021660649819494,0.9696969696969696,0.974561089215335,93.71,93.71,93.71
2017,1332,1314,-1,0,0.8484848484848485,0.8713405238828967,0.7878787878787878,0.8217750628817823,91.74,91.74,91.74
2017,1314,1211,6,1,0.7878787878787878,0.8217750628817823,0.9696969696969696,0.974561089215335,93.71,93.71,93.71
2017,1139,1314,-12,0,0.7419354838709677,0.7708245243128964,0.7878787878787878,0.8217750628817823,91.74,91.74,91.74
2017,1246,1417,11,1,0.8529411764705882,0.8696098562628337,0.8787878787878788,0.891683433936955,88.02,88.02,88.02
2017,1196,1458,1,1,0.75,0.7836327345309381,0.7352941176470589,0.7730989370400654,87.84,87.84,87.84
2017,1462,1112,2,1,0.6176470588235294,0.6515569570358691,0.8823529411764706,0.9008870034708832,88.99,88.99,88.99
2017,1332,1276,1,1,0.8484848484848485,0.8713405238828967,0.6857142857142857,0.7108479755538579,86.86,86.86,86.86
2017,1242,1345,32,1,0.875,0.8719304873441632,0.78125,0.797191887675507,88.61,88.61,88.61
2017,1452,1211,-3,0,0.7647058823529411,0.7825618945102261,0.9696969696969696,0.974561089215335,93.71,93.71,93.71
2017,1153,1417,-12,0,0.8529411764705882,0.8846761453396524,0.8787878787878788,0.891683433936955,88.02,88.02,88.02
2017,1300,1413,-4,0,0.7333333333333333,0.7613636363636364,0.625,0.6545045045045045,69.94,69.94,69.94
2017,1376,1181,7,1,0.6774193548387096,0.7021660649819494,0.7714285714285715,0.7941905773999292,92.26,92.26,92.26
2017,1116,1314,-7,0,0.7352941176470589,0.7677847401400664,0.7878787878787878,0.8217750628817823,91.74,91.74,91.74
2017,1257,1276,-4,0,0.75,0.7863764611043934,0.6857142857142857,0.7108479755538579,86.86,86.86,86.86
2017,1246,1455,3,1,0.8529411764705882,0.8696098562628337,0.8787878787878788,0.903070662227155,88.86,88.86,88.86
2017,1242,1277,20,1,0.875,0.8719304873441632,0.5757575757575758,0.6210392902408112,82.79,82.79,82.79
2017,1425,1124,-4,0,0.7272727272727273,0.7547169811320755,0.7741935483870968,0.7900900900900901,87.66,87.66,87.66
2017,1199,1462,-25,0,0.7575757575757576,0.7875780962881294,0.6176470588235294,0.6515569570358691,82.34,82.34,82.34
2017,1458,1437,3,1,0.7352941176470589,0.7730989370400654,0.9117647058823528,0.925785687239682,95.18,95.18,95.18
2017,1323,1452,-12,0,0.7352941176470589,0.7647058823529411,0.7647058823529411,0.7825618945102261,90.8,90.8,90.8
2017,1235,1345,-4,0,0.696969696969697,0.7407268639940052,0.78125,0.797191887675507,88.61,88.61,88.61
2017,1211,1321,6,1,0.9696969696969696,0.974561089215335,0.6764705882352942,0.7265204799338022,82.6,82.6,82.6
2017,1438,1196,-26,0,0.6875,0.7221961520412952,0.75,0.7836327345309381,87.84,87.84,87.84
2017,1139,1292,9,1,0.7419354838709677,0.7708245243128964,0.8787878787878788,0.897917517354022,81.28,81.28,81.28
2017,1388,1112,-9,0,0.875,0.9014756944444444,0.8823529411764706,0.9008870034708832,88.99,88.99,88.99
2017,1173,1455,-6,0,0.7666666666666667,0.7937691970162352,0.8787878787878788,0.903070662227155,88.86,88.86,88.86
2017,1348,1332,-3,0,0.7272727272727273,0.7596034696406444,0.8484848484848485,0.8713405238828967,87.3,87.3,87.3
2017,1462,1211,-24,0,0.6176470588235294,0.6515569570358691,0.9696969696969696,0.974561089215335,93.71,93.71,93.71
2017,1309,1291,-1,0,0.6071428571428571,0.6375567895002524,0.5588235294117647,0.5970727507533362,69.78,69.78,69.78
2017,1211,1314,-6,0,0.9696969696969696,0.974561089215335,0.7878787878787878,0.8217750628817823,91.74,91.74,91.74
2017,1233,1332,-16,0,0.6470588235294118,0.6684941520467836,0.8484848484848485,0.8713405238828967,87.3,87.3,87.3
2017,1314,1411,39,1,0.7878787878787878,0.8217750628817823,0.6764705882352942,0.6955318307631475,70.99,70.99,70.99
2017,1277,1274,20,1,0.5757575757575758,0.6210392902408112,0.65625,0.7027027027027027,84.56,84.56,84.56
2017,1329,1276,-1,0,0.6129032258064516,0.6471927162367223,0.6857142857142857,0.7108479755538579,86.86,86.86,86.86
2017,1257,1240,15,1,0.75,0.7863764611043934,0.5625,0.5857854232684473,71.17,71.17,71.17
2017,1246,1297,9,1,0.8529411764705882,0.8696098562628337,0.6875,0.7216193656093489,72.83,72.83,72.83
2017,1242,1413,38,1,0.875,0.8719304873441632,0.625,0.6545045045045045,69.94,69.94,69.94
2017,1181,1407,22,1,0.7714285714285715,0.7941905773999292,0.5882352941176471,0.6198058252427184,73.28,73.28,73.28
2017,1243,1153,-14,0,0.6060606060606061,0.6294888043937473,0.8529411764705882,0.8846761453396524,87.35,87.35,87.35
2017,1308,1124,-18,0,0.8333333333333334,0.8639690055962118,0.7741935483870968,0.7900900900900901,87.66,87.66,87.66
2017,1116,1371,6,1,0.7352941176470589,0.7677847401400664,0.65625,0.696078431372549,82.95,82.95,82.95
2017,1462,1268,11,1,0.6176470588235294,0.6515569570358691,0.7419354838709677,0.7684210526315789,82.48,82.48,82.48
2017,1458,1439,10,1,0.7352941176470589,0.7730989370400654,0.6875,0.7152996845425867,80.02,80.02,80.02
2017,1137,1452,-6,0,0.7647058823529411,0.7821552723059096,0.7647058823529411,0.7825618945102261,90.8,90.8,90.8
2017,1423,1438,-5,0,0.84375,0.8661654135338346,0.6875,0.7221961520412952,90.02,90.02,90.02
2017,1437,1291,20,1,0.9117647058823528,0.925785687239682,0.5588235294117647,0.5970727507533362,69.78,69.78,69.78
2017,1388,1433,8,1,0.875,0.9014756944444444,0.7647058823529411,0.8007089405277669,82.93,82.93,82.93
2017,1436,1345,-10,0,0.8484848484848485,0.8740710156895128,0.78125,0.797191887675507,88.61,88.61,88.61
2017,1323,1343,2,1,0.7352941176470589,0.7647058823529411,0.7857142857142857,0.7887039838628341,80.0,80.0,80.0
2017,1321,1435,2,1,0.6764705882352942,0.7265204799338022,0.5588235294117647,0.5967808501857201,83.79,83.79,83.79
2017,1278,1292,-9,0,0.7272727272727273,0.7624798711755234,0.8787878787878788,0.897917517354022,81.28,81.28,81.28
2017,1235,1305,11,1,0.696969696969697,0.7407268639940052,0.8235294117647058,0.852519308569327,80.73,80.73,80.73
2017,1355,1211,-20,0,0.5,0.535468179975679,0.9696969696969696,0.974561089215335,93.71,93.71,93.71
2017,1199,1195,6,1,0.7575757575757576,0.7875780962881294,0.7666666666666667,0.7963366768425644,75.81,75.81,75.81
2017,1190,1196,-15,0,0.78125,0.8150765606595995,0.75,0.7836327345309381,87.84,87.84,87.84
2017,1139,1457,12,1,0.7419354838709677,0.7708245243128964,0.8,0.8007566204287516,75.53,75.53,75.53
2017,1315,1112,-18,0,0.6785714285714286,0.7190195188379482,0.8823529411764706,0.9008870034708832,88.99,88.99,88.99
2017,1344,1425,-4,0,0.625,0.6579181494661922,0.7272727272727273,0.7547169811320755,81.18,81.18,81.18
2017,1413,1300,4,1,0.625,0.6545045045045045,0.7333333333333333,0.7613636363636364,71.04,71.04,71.04
2017,1166,1348,-12,0,0.7272727272727273,0.7591973244147158,0.7272727272727273,0.7596034696406444,84.02,84.02,84.02
2017,1266,1376,-20,0,0.6129032258064516,0.6602814698983581,0.6774193548387096,0.7021660649819494,83.08,83.08,83.08
2017,1245,1417,-17,0,0.6176470588235294,0.6419992251065478,0.8787878787878788,0.891683433936955,88.02,88.02,88.02
2017,1425,1374,1,1,0.7272727272727273,0.7547169811320755,0.8823529411764706,0.9001578531965272,88.43,88.43,88.43
2017,1376,1211,-4,0,0.6774193548387096,0.7021660649819494,0.9696969696969696,0.974561089215335,93.71,93.71,93.71
2017,1376,1196,7,1,0.6774193548387096,0.7021660649819494,0.75,0.7836327345309381,87.84,87.84,87.84
2017,1246,1314,-2,0,0.8529411764705882,0.8696098562628337,0.7878787878787878,0.8217750628817823,91.74,91.74,91.74
2017,1332,1242,14,1,0.8484848484848485,0.8713405238828967,0.875,0.8719304873441632,92.18,92.18,92.18
2017,1211,1462,24,1,0.9696969696969696,0.974561089215335,0.6176470588235294,0.6515569570358691,82.34,82.34,82.34
2017,1376,1124,20,1,0.6774193548387096,0.7021660649819494,0.7741935483870968,0.7900900900900901,87.66,87.66,87.66
2017,1139,1314,-12,0,0.7419354838709677,0.7708245243128964,0.7878787878787878,0.8217750628817823,91.74,91.74,91.74
2017,1246,1417,11,1,0.8529411764705882,0.8696098562628337,0.8787878787878788,0.891683433936955,88.02,88.02,88.02
2017,1458,1196,-1,0,0.7352941176470589,0.7730989370400654,0.75,0.7836327345309381,87.84,87.84,87.84
2017,1462,1112,2,1,0.6176470588235294,0.6515569570358691,0.8823529411764706,0.9008870034708832,88.99,88.99,88.99
2017,1332,1276,1,1,0.8484848484848485,0.8713405238828967,0.6857142857142857,0.7108479755538579,86.86,86.86,86.86
2017,1345,1242,-32,0,0.78125,0.797191887675507,0.875,0.8719304873441632,92.18,92.18,92.18
2017,1452,1211,-3,0,0.7647058823529411,0.7825618945102261,0.9696969696969696,0.974561089215335,93.71,93.71,93.71
2017,1153,1417,-12,0,0.8529411764705882,0.8846761453396524,0.8787878787878788,0.891683433936955,88.02,88.02,88.02
2017,1243,1448,7,1,0.6060606060606061,0.6294888043937473,0.59375,0.6234404536862004,82.96,82.96,82.96
2017,1376,1181,7,1,0.6774193548387096,0.7021660649819494,0.7714285714285715,0.7941905773999292,92.26,92.26,92.26
2017,1116,1314,-7,0,0.7352941176470589,0.7677847401400664,0.7878787878787878,0.8217750628817823,91.74,91.74,91.74
2017,1257,1276,-4,0,0.75,0.7863764611043934,0.6857142857142857,0.7108479755538579,86.86,86.86,86.86
2017,1246,1455,3,1,0.8529411764705882,0.8696098562628337,0.8787878787878788,0.903070662227155,88.86,88.86,88.86
2017,1242,1277,20,1,0.875,0.8719304873441632,0.5757575757575758,0.6210392902408112,82.79,82.79,82.79
2017,1124,1425,4,1,0.7741935483870968,0.7900900900900901,0.7272727272727273,0.7547169811320755,81.18,81.18,81.18
2017,1199,1462,-25,0,0.7575757575757576,0.7875780962881294,0.6176470588235294,0.6515569570358691,82.34,82.34,82.34
2017,1437,1458,-3,0,0.9117647058823528,0.925785687239682,0.7352941176470589,0.7730989370400654,87.84,87.84,87.84
2017,1323,1452,-12,0,0.7352941176470589,0.7647058823529411,0.7647058823529411,0.7825618945102261,90.8,90.8,90.8
2017,1345,1235,4,1,0.78125,0.797191887675507,0.696969696969697,0.7407268639940052,87.92,87.92,87.92
2017,1211,1321,6,1,0.9696969696969696,0.974561089215335,0.6764705882352942,0.7265204799338022,82.6,82.6,82.6
2017,1196,1438,26,1,0.75,0.7836327345309381,0.6875,0.7221961520412952,90.02,90.02,90.02
2017,1292,1139,-9,0,0.8787878787878788,0.897917517354022,0.7419354838709677,0.7708245243128964,86.52,86.52,86.52
2017,1388,1112,-9,0,0.875,0.9014756944444444,0.8823529411764706,0.9008870034708832,88.99,88.99,88.99
2017,1455,1173,6,1,0.8787878787878788,0.903070662227155,0.7666666666666667,0.7937691970162352,82.84,82.84,82.84
2017,1332,1348,3,1,0.8484848484848485,0.8713405238828967,0.7272727272727273,0.7596034696406444,84.02,84.02,84.02
2017,1124,1376,-20,0,0.7741935483870968,0.7900900900900901,0.6774193548387096,0.7021660649819494,83.08,83.08,83.08
2018,1305,1400,4,1,0.7941176470588235,0.8060176991150443,0.5757575757575758,0.6079425433037601,82.9,82.9,82.9
2018,1382,1417,7,1,0.78125,0.7914159647011633,0.65625,0.682182373140023,83.22,83.22,83.22
2018,1462,1411,19,1,0.8484848484848485,0.8655160014383315,0.4411764705882353,0.4916666666666666,67.93,67.93,67.93
2018,1348,1181,-25,0,0.78125,0.8195242001640689,0.7878787878787878,0.8143112701252236,92.59,92.59,92.59
2018,1326,1211,-6,0,0.75,0.782769991755977,0.8823529411764706,0.8893143056038983,89.54,89.54,89.54
2018,1242,1371,4,1,0.7941176470588235,0.8159509202453987,0.65625,0.6823575949367089,85.05,85.05,85.05
2018,1246,1138,20,1,0.7058823529411765,0.7474128018397853,0.7575757575757576,0.7838998211091235,79.07,79.07,79.07
2018,1397,1260,-1,0,0.7575757575757576,0.7692935892200898,0.84375,0.8727114210985178,81.28,81.28,81.28
2018,1222,1276,-1,0,0.7878787878787878,0.8035225048923679,0.7941176470588235,0.8126996805111821,88.54,88.54,88.54
2018,1403,1196,3,1,0.7272727272727273,0.7619814740233588,0.625,0.6721446179129006,86.43,86.43,86.43
2018,1104,1437,-23,0,0.5588235294117647,0.6,0.8823529411764706,0.8912162162162162,94.92,94.92,94.92
2018,1120,1155,-31,0,0.78125,0.8084707646176912,0.71875,0.7628997867803838,84.15,84.15,84.15
2018,1199,1462,5,1,0.6451612903225806,0.6899408284023668,0.8484848484848485,0.8655160014383315,88.88,88.88,88.88
2018,1420,1243,-7,0,0.6774193548387096,0.7249666221628839,0.6666666666666666,0.7068676716917923,81.48,81.48,81.48
2018,1452,1293,17,1,0.7058823529411765,0.7299593646102697,0.8275862068965517,0.8475935828877005,78.93,78.93,78.93
2018,1153,1305,-2,0,0.8823529411764706,0.8933649289099526,0.7941176470588235,0.8060176991150443,81.82,81.82,81.82
2018,1393,1277,2,1,0.6060606060606061,0.6428891879766712,0.8787878787878788,0.8948353293413174,91.67,91.67,91.67
2018,1401,1314,21,1,0.625,0.66375,0.7142857142857143,0.7553154409201812,90.62,90.62,90.62
2018,1452,1267,23,1,0.7058823529411765,0.7299593646102697,0.696969696969697,0.7071402682131207,75.58,75.58,75.58
2018,1199,1211,15,1,0.6451612903225806,0.6899408284023668,0.8823529411764706,0.8893143056038983,89.54,89.54,89.54
2018,1246,1243,-3,0,0.7058823529411765,0.7474128018397853,0.6666666666666666,0.7068676716917923,81.48,81.48,81.48
2018,1260,1305,1,1,0.84375,0.8727114210985178,0.7941176470588235,0.8060176991150443,81.82,81.82,81.82
2018,1276,1401,27,1,0.7941176470588235,0.8126996805111821,0.625,0.66375,83.55,83.55,83.55
2018,1393,1181,-4,0,0.6060606060606061,0.6428891879766712,0.7878787878787878,0.8143112701252236,92.59,92.59,92.59
2018,1155,1242,-4,0,0.71875,0.7628997867803838,0.7941176470588235,0.8159509202453987,90.88,90.88,90.88
2018,1403,1345,13,1,0.7272727272727273,0.7619814740233588,0.8235294117647058,0.8568321855744835,91.08,91.08,91.08
2018,1437,1452,12,1,0.8823529411764706,0.8912162162162162,0.7058823529411765,0.7299593646102697,88.58,88.58,88.58
2018,1260,1243,16,1,0.84375,0.8727114210985178,0.6666666666666666,0.7068676716917923,81.48,81.48,81.48
2018,1345,1139,3,1,0.8235294117647058,0.8568321855744835,0.6060606060606061,0.6411336652623516,84.65,84.65,84.65
2018,1420,1438,20,1,0.6774193548387096,0.7249666221628839,0.9393939393939394,0.9457155675190668,93.07,93.07,93.07
2018,1401,1344,4,1,0.625,0.66375,0.6176470588235294,0.6496408619313647,81.27,81.27,81.27
2018,1393,1395,5,1,0.6060606060606061,0.6428891879766712,0.65625,0.6784638554216867,84.84,84.84,84.84
2018,1393,1113,4,1,0.6060606060606061,0.6428891879766712,0.6451612903225806,0.6794129007338741,81.26,81.26,81.26
2018,1300,1411,-18,0,0.5161290322580645,0.5288725939505041,0.4411764705882353,0.4916666666666666,67.93,67.93,67.93
2018,1104,1439,3,1,0.5588235294117647,0.6,0.65625,0.7016856134849079,83.43,83.43,83.43
2018,1112,1138,-21,0,0.7941176470588235,0.8083636363636364,0.7575757575757576,0.7838998211091235,79.07,79.07,79.07
2018,1233,1181,-22,0,0.6060606060606061,0.6239089184060721,0.7878787878787878,0.8143112701252236,92.59,92.59,92.59
2018,1196,1382,15,1,0.625,0.6721446179129006,0.78125,0.7914159647011633,80.26,80.26,80.26
2018,1422,1211,-4,0,0.7741935483870968,0.7889087656529516,0.8823529411764706,0.8893143056038983,89.54,89.54,89.54
2018,1361,1222,-2,0,0.6774193548387096,0.7028045207199665,0.7878787878787878,0.8035225048923679,86.21,86.21,86.21
2018,1242,1335,16,1,0.7941176470588235,0.8159509202453987,0.7419354838709677,0.7677886663826161,75.55,75.55,75.55
2018,1172,1246,-5,0,0.65625,0.6888798037612428,0.7058823529411765,0.7474128018397853,88.17,88.17,88.17
2018,1274,1260,-2,0,0.7096774193548387,0.7477163984341018,0.84375,0.8727114210985178,81.28,81.28,81.28
2018,1285,1276,-14,0,0.7741935483870968,0.8111570247933885,0.7941176470588235,0.8126996805111821,88.54,88.54,88.54
2018,1326,1355,8,1,0.75,0.782769991755977,0.8,0.8248700519792083,78.07,78.07,78.07
2018,1348,1328,5,1,0.78125,0.8195242001640689,0.5806451612903226,0.6397727272727273,82.1,82.1,82.1
2018,1301,1371,-11,0,0.65625,0.7029626779530589,0.65625,0.6823575949367089,85.05,85.05,85.05
2018,1397,1460,26,1,0.7575757575757576,0.7692935892200898,0.71875,0.7449605609114811,74.31,74.31,74.31
2018,1372,1403,-10,0,0.8,0.8166311300639659,0.7272727272727273,0.7619814740233588,87.27,87.27,87.27
2018,1437,1347,26,1,0.8823529411764706,0.8912162162162162,0.625,0.6493930905695612,70.89,70.89,70.89
2018,1120,1158,4,1,0.78125,0.8084707646176912,0.7741935483870968,0.7859287859287859,76.44,76.44,76.44
2018,1116,1139,-17,0,0.6764705882352942,0.7210736307580704,0.6060606060606061,0.6411336652623516,84.65,84.65,84.65
2018,1209,1153,-15,0,0.6875,0.6942461150776984,0.8823529411764706,0.8933649289099526,91.06,91.06,91.06
2018,1308,1155,-11,0,0.8333333333333334,0.8465608465608465,0.71875,0.7628997867803838,84.15,84.15,84.15
2018,1199,1281,13,1,0.6451612903225806,0.6899408284023668,0.6129032258064516,0.6488147497805092,78.49,78.49,78.49
2018,1243,1166,10,1,0.6666666666666666,0.7068676716917923,0.6451612903225806,0.6880522474068382,83.4,83.4,83.4
2018,1455,1267,-6,0,0.78125,0.8117469879518072,0.696969696969697,0.7071402682131207,75.58,75.58,75.58
2018,1277,1137,4,1,0.8787878787878788,0.8948353293413174,0.7352941176470589,0.7495469372961218,78.25,78.25,78.25
2018,1252,1314,-18,0,0.6896551724137931,0.71727078891258,0.7142857142857143,0.7553154409201812,90.62,90.62,90.62
2018,1254,1347,-10,0,0.5151515151515151,0.5325958119320426,0.625,0.6493930905695612,70.89,70.89,70.89
2018,1345,1168,26,1,0.8235294117647058,0.8568321855744835,0.6206896551724138,0.6639772187944946,71.88,71.88,71.88
2018,1242,1181,4,1,0.7941176470588235,0.8159509202453987,0.7878787878787878,0.8143112701252236,92.59,92.59,92.59
2018,1276,1260,12,1,0.7941176470588235,0.8126996805111821,0.84375,0.8727114210985178,81.28,81.28,81.28
2018,1345,1139,3,1,0.8235294117647058,0.8568321855744835,0.6060606060606061,0.6411336652623516,84.65,84.65,84.65
2018,1305,1153,2,1,0.7941176470588235,0.8060176991150443,0.8823529411764706,0.8933649289099526,91.06,91.06,91.06
2018,1420,1243,-7,0,0.6774193548387096,0.7249666221628839,0.6666666666666666,0.7068676716917923,81.48,81.48,81.48
2018,1462,1199,-5,0,0.8484848484848485,0.8655160014383315,0.6451612903225806,0.6899408284023668,83.61,83.61,83.61
2018,1120,1155,-31,0,0.78125,0.8084707646176912,0.71875,0.7628997867803838,84.15,84.15,84.15
2018,1104,1437,-23,0,0.5588235294117647,0.6,0.8823529411764706,0.8912162162162162,94.92,94.92,94.92
2018,1277,1393,-2,0,0.8787878787878788,0.8948353293413174,0.6060606060606061,0.6428891879766712,81.86,81.86,81.86
2018,1403,1196,3,1,0.7272727272727273,0.7619814740233588,0.625,0.6721446179129006,86.43,86.43,86.43
2018,1397,1260,-1,0,0.7575757575757576,0.7692935892200898,0.84375,0.8727114210985178,81.28,81.28,81.28
2018,1138,1246,-20,0,0.7575757575757576,0.7838998211091235,0.7058823529411765,0.7474128018397853,88.17,88.17,88.17
2018,1242,1371,4,1,0.7941176470588235,0.8159509202453987,0.65625,0.6823575949367089,85.05,85.05,85.05
2018,1211,1326,6,1,0.8823529411764706,0.8893143056038983,0.75,0.782769991755977,85.59,85.59,85.59
2018,1348,1181,-25,0,0.78125,0.8195242001640689,0.7878787878787878,0.8143112701252236,92.59,92.59,92.59
2018,1462,1411,19,1,0.8484848484848485,0.8655160014383315,0.4411764705882353,0.4916666666666666,67.93,67.93,67.93
2018,1276,1222,1,1,0.7941176470588235,0.8126996805111821,0.7878787878787878,0.8035225048923679,86.21,86.21,86.21
2018,1401,1314,21,1,0.625,0.66375,0.7142857142857143,0.7553154409201812,90.62,90.62,90.62
2018,1267,1452,-23,0,0.696969696969697,0.7071402682131207,0.7058823529411765,0.7299593646102697,88.58,88.58,88.58
2018,1211,1199,-15,0,0.8823529411764706,0.8893143056038983,0.6451612903225806,0.6899408284023668,83.61,83.61,83.61
2018,1199,1276,-4,0,0.6451612903225806,0.6899408284023668,0.7941176470588235,0.8126996805111821,88.54,88.54,88.54
2018,1437,1276,17,1,0.8823529411764706,0.8912162162162162,0.7941176470588235,0.8126996805111821,88.54,88.54,88.54
2018,1242,1437,-16,0,0.7941176470588235,0.8159509202453987,0.8823529411764706,0.8912162162162162,94.92,94.92,94.92
2018,1437,1403,12,1,0.8823529411764706,0.8912162162162162,0.7272727272727273,0.7619814740233588,87.27,87.27,87.27
2018,1437,1403,12,1,0.8823529411764706,0.8912162162162162,0.7272727272727273,0.7619814740233588,87.27,87.27,87.27
2018,1242,1181,4,1,0.7941176470588235,0.8159509202453987,0.7878787878787878,0.8143112701252236,92.59,92.59,92.59
2018,1276,1199,4,1,0.7941176470588235,0.8126996805111821,0.6451612903225806,0.6899408284023668,83.61,83.61,83.61
2018,1260,1243,16,1,0.84375,0.8727114210985178,0.6666666666666666,0.7068676716917923,81.48,81.48,81.48
2018,1437,1452,12,1,0.8823529411764706,0.8912162162162162,0.7058823529411765,0.7299593646102697,88.58,88.58,88.58
2018,1345,1403,-13,0,0.8235294117647058,0.8568321855744835,0.7272727272727273,0.7619814740233588,87.27,87.27,87.27
2018,1242,1155,4,1,0.7941176470588235,0.8159509202453987,0.71875,0.7628997867803838,84.15,84.15,84.15
2018,1181,1393,4,1,0.7878787878787878,0.8143112701252236,0.6060606060606061,0.6428891879766712,81.86,81.86,81.86
2018,1401,1276,-27,0,0.625,0.66375,0.7941176470588235,0.8126996805111821,88.54,88.54,88.54
2018,1305,1260,-1,0,0.7941176470588235,0.8060176991150443,0.84375,0.8727114210985178,81.28,81.28,81.28
2018,1243,1246,3,1,0.6666666666666666,0.7068676716917923,0.7058823529411765,0.7474128018397853,88.17,88.17,88.17
2018,1452,1293,17,1,0.7058823529411765,0.7299593646102697,0.8275862068965517,0.8475935828877005,78.93,78.93,78.93
2018,1438,1420,-20,0,0.9393939393939394,0.9457155675190668,0.6774193548387096,0.7249666221628839,71.36,71.36,71.36
2018,1276,1260,12,1,0.7941176470588235,0.8126996805111821,0.84375,0.8727114210985178,81.28,81.28,81.28
2018,1395,1393,-5,0,0.65625,0.6784638554216867,0.6060606060606061,0.6428891879766712,81.86,81.86,81.86
2018,1274,1260,-2,0,0.7096774193548387,0.7477163984341018,0.84375,0.8727114210985178,81.28,81.28,81.28
2018,1246,1172,5,1,0.7058823529411765,0.7474128018397853,0.65625,0.6888798037612428,81.9,81.9,81.9
2018,1335,1242,-16,0,0.7419354838709677,0.7677886663826161,0.7941176470588235,0.8159509202453987,90.88,90.88,90.88
2018,1222,1361,2,1,0.7878787878787878,0.8035225048923679,0.6774193548387096,0.7028045207199665,81.72,81.72,81.72
2018,1422,1211,-4,0,0.7741935483870968,0.7889087656529516,0.8823529411764706,0.8893143056038983,89.54,89.54,89.54
2018,1382,1196,-15,0,0.78125,0.7914159647011633,0.625,0.6721446179129006,86.43,86.43,86.43
2018,1276,1285,14,1,0.7941176470588235,0.8126996805111821,0.7741935483870968,0.8111570247933885,76.79,76.79,76.79
2018,1233,1181,-22,0,0.6060606060606061,0.6239089184060721,0.7878787878787878,0.8143112701252236,92.59,92.59,92.59
2018,1104,1439,3,1,0.5588235294117647,0.6,0.65625,0.7016856134849079,83.43,83.43,83.43
2018,1300,1411,-18,0,0.5161290322580645,0.5288725939505041,0.4411764705882353,0.4916666666666666,67.93,67.93,67.93
2018,1113,1393,-4,0,0.6451612903225806,0.6794129007338741,0.6060606060606061,0.6428891879766712,81.86,81.86,81.86
2018,1417,1382,-7,0,0.65625,0.682182373140023,0.78125,0.7914159647011633,80.26,80.26,80.26
2018,1254,1347,-10,0,0.5151515151515151,0.5325958119320426,0.625,0.6493930905695612,70.89,70.89,70.89
2018,1401,1344,4,1,0.625,0.66375,0.6176470588235294,0.6496408619313647,81.27,81.27,81.27
2018,1138,1112,21,1,0.7575757575757576,0.7838998211091235,0.7941176470588235,0.8083636363636364,87.86,87.86,87.86
2018,1355,1326,-8,0,0.8,0.8248700519792083,0.75,0.782769991755977,85.59,85.59,85.59
2018,1437,1276,17,1,0.8823529411764706,0.8912162162162162,0.7941176470588235,0.8126996805111821,88.54,88.54,88.54
2018,1371,1301,11,1,0.65625,0.6823575949367089,0.65625,0.7029626779530589,81.74,81.74,81.74
2018,1345,1168,26,1,0.8235294117647058,0.8568321855744835,0.6206896551724138,0.6639772187944946,71.88,71.88,71.88
2018,1348,1328,5,1,0.78125,0.8195242001640689,0.5806451612903226,0.6397727272727273,82.1,82.1,82.1
2018,1314,1252,18,1,0.7142857142857143,0.7553154409201812,0.6896551724137931,0.71727078891258,72.45,72.45,72.45
2018,1305,1400,4,1,0.7941176470588235,0.8060176991150443,0.5757575757575758,0.6079425433037601,82.9,82.9,82.9
2018,1137,1277,-4,0,0.7352941176470589,0.7495469372961218,0.8787878787878788,0.8948353293413174,91.67,91.67,91.67
2018,1267,1455,6,1,0.696969696969697,0.7071402682131207,0.78125,0.8117469879518072,87.97,87.97,87.97
2018,1243,1166,10,1,0.6666666666666666,0.7068676716917923,0.6451612903225806,0.6880522474068382,83.4,83.4,83.4
2018,1242,1437,-16,0,0.7941176470588235,0.8159509202453987,0.8823529411764706,0.8912162162162162,94.92,94.92,94.92
2018,1155,1308,11,1,0.71875,0.7628997867803838,0.8333333333333334,0.8465608465608465,79.79,79.79,79.79
2018,1199,1281,13,1,0.6451612903225806,0.6899408284023668,0.6129032258064516,0.6488147497805092,78.49,78.49,78.49
2018,1372,1403,-10,0,0.8,0.8166311300639659,0.7272727272727273,0.7619814740233588,87.27,87.27,87.27
2018,1347,1437,-26,0,0.625,0.6493930905695612,0.8823529411764706,0.8912162162162162,94.92,94.92,94.92
2018,1460,1397,-26,0,0.71875,0.7449605609114811,0.7575757575757576,0.7692935892200898,87.17,87.17,87.17
2018,1153,1209,15,1,0.8823529411764706,0.8933649289099526,0.6875,0.6942461150776984,75.99,75.99,75.99
2018,1139,1116,17,1,0.6060606060606061,0.6411336652623516,0.6764705882352942,0.7210736307580704,83.29,83.29,83.29
2018,1158,1120,-4,0,0.7741935483870968,0.7859287859287859,0.78125,0.8084707646176912,84.04,84.04,84.04
2019,1438,1205,15,1,0.90625,0.9130056546324488,0.6451612903225806,0.6611323967645807,71.74,71.74,71.74
2019,1222,1326,15,1,0.9117647058823528,0.9260987942434852,0.5757575757575758,0.6348999129677981,82.59,82.59,82.59
2019,1181,1416,1,1,0.8529411764705882,0.8619232123987319,0.7419354838709677,0.7741502683363148,81.72,81.72,81.72
2019,1345,1437,26,1,0.71875,0.7469237079573421,0.7352941176470589,0.7661927330173776,86.96,86.96,86.96
2019,1277,1278,20,1,0.8235294117647058,0.8361940298507463,0.6176470588235294,0.6800997091815538,80.84,80.84,80.84
2019,1276,1196,15,1,0.8235294117647058,0.8432929377350606,0.5588235294117647,0.6053425247738043,83.95,83.95,83.95
2019,1459,1246,-6,0,0.8666666666666667,0.8912151067323482,0.8181818181818182,0.8250394944707741,91.24,91.24,91.24
2019,1449,1314,-22,0,0.7647058823529411,0.7881213142375737,0.8181818181818182,0.8507042253521127,93.24,93.24,93.24
2019,1199,1293,28,1,0.7941176470588235,0.8209658421672555,0.8620689655172413,0.8757396449704142,81.29,81.29,81.29
2019,1242,1120,-14,0,0.7352941176470589,0.7701911822083496,0.7352941176470589,0.7624906785980612,89.02,89.02,89.02
2019,1449,1429,17,1,0.7647058823529411,0.7881213142375737,0.8181818181818182,0.8462423312883436,82.26,82.26,82.26
2019,1387,1439,-14,0,0.6571428571428571,0.6770345121431615,0.75,0.7875844594594594,89.26,89.26,89.26
2019,1268,1261,-2,0,0.6875,0.7266754270696452,0.8125,0.8202764976958525,86.37,86.37,86.37
2019,1211,1124,12,1,0.9090909090909092,0.9283765347885402,0.59375,0.6227649367640645,80.76,80.76,80.76
2019,1138,1403,-20,0,0.9090909090909092,0.9113969274740978,0.8125,0.8435228730226593,89.65,89.65,89.65
2019,1397,1234,6,1,0.8484848484848485,0.8612244897959184,0.6666666666666666,0.708204334365325,82.36,82.36,82.36
2019,1328,1438,-12,0,0.59375,0.6499780412823891,0.90625,0.9130056546324488,95.22,95.22,95.22
2019,1439,1251,9,1,0.75,0.7875844594594594,0.8064516129032258,0.8132260947274352,78.02,78.02,78.02
2019,1211,1199,14,1,0.9090909090909092,0.9283765347885402,0.7941176470588235,0.8209658421672555,88.44,88.44,88.44
2019,1276,1403,-19,0,0.8235294117647058,0.8432929377350606,0.8125,0.8435228730226593,89.65,89.65,89.65
2019,1438,1332,4,1,0.90625,0.9130056546324488,0.6571428571428571,0.6850425618159708,82.64,82.64,82.64
2019,1314,1120,-17,0,0.8181818181818182,0.8507042253521127,0.7352941176470589,0.7624906785980612,89.02,89.02,89.02
2019,1439,1181,-2,0,0.75,0.7875844594594594,0.8529411764705882,0.8619232123987319,96.3,96.3,96.3
2019,1222,1246,-4,0,0.9117647058823528,0.9260987942434852,0.8181818181818182,0.8250394944707741,91.24,91.24,91.24
2019,1261,1277,-17,0,0.8125,0.8202764976958525,0.8235294117647058,0.8361940298507463,92.28,92.28,92.28
2019,1211,1403,-6,0,0.9090909090909092,0.9283765347885402,0.8125,0.8435228730226593,89.65,89.65,89.65
2019,1345,1438,-5,0,0.71875,0.7469237079573421,0.90625,0.9130056546324488,95.22,95.22,95.22
2019,1433,1416,-15,0,0.78125,0.799650043744532,0.7419354838709677,0.7741502683363148,81.72,81.72,81.72
2019,1414,1332,-19,0,0.8529411764705882,0.8685064935064936,0.6571428571428571,0.6850425618159708,82.64,82.64,82.64
2019,1345,1397,5,1,0.71875,0.7469237079573421,0.8484848484848485,0.8612244897959184,91.34,91.34,91.34
2019,1257,1278,-10,0,0.6060606060606061,0.6434959349593496,0.6176470588235294,0.6800997091815538,80.84,80.84,80.84
2019,1403,1297,15,1,0.8125,0.8435228730226593,0.75,0.7734029730815588,77.27,77.27,77.27
2019,1396,1125,-11,0,0.71875,0.7528183716075156,0.8333333333333334,0.8572524942440521,80.67,80.67,80.67
2019,1341,1192,-6,0,0.6363636363636364,0.6643724696356276,0.5806451612903226,0.6214933103150626,70.04,70.04,70.04
2019,1385,1113,-9,0,0.6363636363636364,0.6798279906176701,0.6875,0.7228915662650602,80.87,80.87,80.87
2019,1295,1300,4,1,0.5161290322580645,0.5435073627844712,0.5,0.5548990645002462,65.48,65.48,65.48
2019,1120,1308,1,1,0.7352941176470589,0.7624906785980612,0.875,0.896579476861167,80.91,80.91,80.91
2019,1393,1124,-9,0,0.6060606060606061,0.6405910473707084,0.59375,0.6227649367640645,80.76,80.76,80.76
2019,1305,1196,-9,0,0.8787878787878788,0.9072126220886552,0.5588235294117647,0.6053425247738043,83.95,83.95,83.95
2019,1436,1199,-7,0,0.8125,0.8316788951230039,0.7941176470588235,0.8209658421672555,88.44,88.44,88.44
2019,1192,1211,-38,0,0.5806451612903226,0.6214933103150626,0.9090909090909092,0.9283765347885402,95.02,95.02,95.02
2019,1242,1318,34,1,0.7352941176470589,0.7701911822083496,0.696969696969697,0.7275985663082437,78.58,78.58,78.58
2019,1101,1246,-35,0,0.7931034482758621,0.8129807692307692,0.8181818181818182,0.8250394944707741,91.24,91.24,91.24
2019,1261,1463,5,1,0.8125,0.8202764976958525,0.75,0.7766004415011037,77.11,77.11,77.11
2019,1125,1268,-2,0,0.8333333333333334,0.8572524942440521,0.6875,0.7266754270696452,84.82,84.82,84.82
2019,1276,1285,19,1,0.8235294117647058,0.8432929377350606,0.75,0.784577723378213,76.17,76.17,76.17
2019,1277,1133,11,1,0.8235294117647058,0.8361940298507463,0.5757575757575758,0.6018264840182649,72.91,72.91,72.91
2019,1266,1293,-19,0,0.7272727272727273,0.7555555555555555,0.8620689655172413,0.8757396449704142,81.29,81.29,81.29
2019,1330,1345,-13,0,0.7647058823529411,0.7831111111111111,0.71875,0.7469237079573421,89.04,89.04,89.04
2019,1388,1437,-4,0,0.6666666666666666,0.700332502078138,0.7352941176470589,0.7661927330173776,86.96,86.96,86.96
2019,1459,1371,16,1,0.8666666666666667,0.8912151067323482,0.6060606060606061,0.6377049180327868,82.2,82.2,82.2
2019,1138,1113,17,1,0.9090909090909092,0.9113969274740978,0.6875,0.7228915662650602,80.87,80.87,80.87
2019,1181,1295,23,1,0.8529411764705882,0.8619232123987319,0.5161290322580645,0.5435073627844712,70.35,70.35,70.35
2019,1222,1209,29,1,0.9117647058823528,0.9260987942434852,0.71875,0.7419620774938169,76.3,76.3,76.3
2019,1234,1153,7,1,0.6666666666666666,0.708204334365325,0.8235294117647058,0.8490566037735849,85.44,85.44,85.44
2019,1280,1251,-4,0,0.696969696969697,0.7178683385579937,0.8064516129032258,0.8132260947274352,78.02,78.02,78.02
2019,1314,1233,15,1,0.8181818181818182,0.8507042253521127,0.53125,0.5485969906466043,71.88,71.88,71.88
2019,1235,1326,-3,0,0.6764705882352942,0.6984428408659324,0.5757575757575758,0.6348999129677981,82.59,82.59,82.59
2019,1328,1279,23,1,0.59375,0.6499780412823891,0.625,0.6560298383754662,81.64,81.64,81.64
2019,1332,1458,18,1,0.6571428571428571,0.6850425618159708,0.696969696969697,0.7270732777534006,86.54,86.54,86.54
2019,1159,1397,-7,0,0.696969696969697,0.7255216693418941,0.8484848484848485,0.8612244897959184,91.34,91.34,91.34
2019,1414,1243,6,1,0.8529411764705882,0.8685064935064936,0.7575757575757576,0.7946593001841621,86.65,86.65,86.65
2019,1246,1120,-6,0,0.8181818181818182,0.8250394944707741,0.7352941176470589,0.7624906785980612,89.02,89.02,89.02
2019,1438,1120,1,1,0.90625,0.9130056546324488,0.7352941176470589,0.7624906785980612,89.02,89.02,89.02
2019,1277,1403,-10,0,0.8235294117647058,0.8361940298507463,0.8125,0.8435228730226593,89.65,89.65,89.65
2019,1438,1205,15,1,0.90625,0.9130056546324488,0.6451612903225806,0.6611323967645807,71.74,71.74,71.74
2019,1439,1387,14,1,0.75,0.7875844594594594,0.6571428571428571,0.6770345121431615,77.01,77.01,77.01
2019,1429,1449,-17,0,0.8181818181818182,0.8462423312883436,0.7647058823529411,0.7881213142375737,82.55,82.55,82.55
2019,1120,1242,14,1,0.7352941176470589,0.7624906785980612,0.7352941176470589,0.7701911822083496,86.3,86.3,86.3
2019,1293,1199,-28,0,0.8620689655172413,0.8757396449704142,0.7941176470588235,0.8209658421672555,88.44,88.44,88.44
2019,1124,1211,-12,0,0.59375,0.6227649367640645,0.9090909090909092,0.9283765347885402,95.02,95.02,95.02
2019,1459,1246,-6,0,0.8666666666666667,0.8912151067323482,0.8181818181818182,0.8250394944707741,91.24,91.24,91.24
2019,1261,1268,2,1,0.8125,0.8202764976958525,0.6875,0.7266754270696452,84.82,84.82,84.82
2019,1276,1196,15,1,0.8235294117647058,0.8432929377350606,0.5588235294117647,0.6053425247738043,83.95,83.95,83.95
2019,1277,1278,20,1,0.8235294117647058,0.8361940298507463,0.6176470588235294,0.6800997091815538,80.84,80.84,80.84
2019,1345,1437,26,1,0.71875,0.7469237079573421,0.7352941176470589,0.7661927330173776,86.96,86.96,86.96
2019,1416,1181,-1,0,0.7419354838709677,0.7741502683363148,0.8529411764705882,0.8619232123987319,96.3,96.3,96.3
2019,1222,1326,15,1,0.9117647058823528,0.9260987942434852,0.5757575757575758,0.6348999129677981,82.59,82.59,82.59
2019,1314,1449,22,1,0.8181818181818182,0.8507042253521127,0.7647058823529411,0.7881213142375737,82.55,82.55,82.55
2019,1332,1414,19,1,0.6571428571428571,0.6850425618159708,0.8529411764705882,0.8685064935064936,78.36,78.36,78.36
2019,1234,1397,-6,0,0.6666666666666666,0.708204334365325,0.8484848484848485,0.8612244897959184,91.34,91.34,91.34
2019,1138,1403,-20,0,0.9090909090909092,0.9113969274740978,0.8125,0.8435228730226593,89.65,89.65,89.65
2019,1328,1438,-12,0,0.59375,0.6499780412823891,0.90625,0.9130056546324488,95.22,95.22,95.22
2019,1439,1251,9,1,0.75,0.7875844594594594,0.8064516129032258,0.8132260947274352,78.02,78.02,78.02
2019,1199,1211,-14,0,0.7941176470588235,0.8209658421672555,0.9090909090909092,0.9283765347885402,95.02,95.02,95.02
2019,1397,1345,-5,0,0.8484848484848485,0.8612244897959184,0.71875,0.7469237079573421,89.04,89.04,89.04
2019,1403,1276,19,1,0.8125,0.8435228730226593,0.8235294117647058,0.8432929377350606,91.04,91.04,91.04
2019,1332,1438,-4,0,0.6571428571428571,0.6850425618159708,0.90625,0.9130056546324488,95.22,95.22,95.22
2019,1314,1120,-17,0,0.8181818181818182,0.8507042253521127,0.7352941176470589,0.7624906785980612,89.02,89.02,89.02
2019,1439,1181,-2,0,0.75,0.7875844594594594,0.8529411764705882,0.8619232123987319,96.3,96.3,96.3
2019,1246,1222,4,1,0.8181818181818182,0.8250394944707741,0.9117647058823528,0.9260987942434852,87.89,87.89,87.89
2019,1277,1261,17,1,0.8235294117647058,0.8361940298507463,0.8125,0.8202764976958525,86.37,86.37,86.37
2019,1211,1403,-6,0,0.9090909090909092,0.9283765347885402,0.8125,0.8435228730226593,89.65,89.65,89.65
2019,1438,1345,5,1,0.90625,0.9130056546324488,0.71875,0.7469237079573421,89.04,89.04,89.04
2019,1433,1416,-15,0,0.78125,0.799650043744532,0.7419354838709677,0.7741502683363148,81.72,81.72,81.72
2019,1246,1120,-6,0,0.8181818181818182,0.8250394944707741,0.7352941176470589,0.7624906785980612,89.02,89.02,89.02
2019,1414,1243,6,1,0.8529411764705882,0.8685064935064936,0.7575757575757576,0.7946593001841621,86.65,86.65,86.65
2019,1397,1159,7,1,0.8484848484848485,0.8612244897959184,0.696969696969697,0.7255216693418941,74.95,74.95,74.95
2019,1125,1396,11,1,0.8333333333333334,0.8572524942440521,0.71875,0.7528183716075156,79.39,79.39,79.39
2019,1192,1341,6,1,0.5806451612903226,0.6214933103150626,0.6363636363636364,0.6643724696356276,69.57,69.57,69.57
2019,1113,1385,9,1,0.6875,0.7228915662650602,0.6363636363636364,0.6798279906176701,78.84,78.84,78.84
2019,1300,1295,-4,0,0.5,0.5548990645002462,0.5161290322580645,0.5435073627844712,70.35,70.35,70.35
2019,1308,1120,-1,0,0.875,0.896579476861167,0.7352941176470589,0.7624906785980612,89.02,89.02,89.02
2019,1393,1124,-9,0,0.6060606060606061,0.6405910473707084,0.59375,0.6227649367640645,80.76,80.76,80.76
2019,1196,1305,9,1,0.5588235294117647,0.6053425247738043,0.8787878787878788,0.9072126220886552,86.11,86.11,86.11
2019,1436,1199,-7,0,0.8125,0.8316788951230039,0.7941176470588235,0.8209658421672555,88.44,88.44,88.44
2019,1211,1192,38,1,0.9090909090909092,0.9283765347885402,0.5806451612903226,0.6214933103150626,70.04,70.04,70.04
2019,1242,1318,34,1,0.7352941176470589,0.7701911822083496,0.696969696969697,0.7275985663082437,78.58,78.58,78.58
2019,1246,1101,35,1,0.8181818181818182,0.8250394944707741,0.7931034482758621,0.8129807692307692,72.33,72.33,72.33
2019,1261,1463,5,1,0.8125,0.8202764976958525,0.75,0.7766004415011037,77.11,77.11,77.11
2019,1268,1125,2,1,0.6875,0.7266754270696452,0.8333333333333334,0.8572524942440521,80.67,80.67,80.67
2019,1276,1285,19,1,0.8235294117647058,0.8432929377350606,0.75,0.784577723378213,76.17,76.17,76.17
2019,1277,1133,11,1,0.8235294117647058,0.8361940298507463,0.5757575757575758,0.6018264840182649,72.91,72.91,72.91
2019,1278,1257,10,1,0.6176470588235294,0.6800997091815538,0.6060606060606061,0.6434959349593496,85.9,85.9,85.9
2019,1293,1266,19,1,0.8620689655172413,0.8757396449704142,0.7272727272727273,0.7555555555555555,84.41,84.41,84.41
2019,1330,1345,-13,0,0.7647058823529411,0.7831111111111111,0.71875,0.7469237079573421,89.04,89.04,89.04
2019,1437,1388,4,1,0.7352941176470589,0.7661927330173776,0.6666666666666666,0.700332502078138,83.58,83.58,83.58
2019,1371,1459,-16,0,0.6060606060606061,0.6377049180327868,0.8666666666666667,0.8912151067323482,84.38,84.38,84.38
2019,1113,1138,-17,0,0.6875,0.7228915662650602,0.9090909090909092,0.9113969274740978,85.74,85.74,85.74
2019,1181,1295,23,1,0.8529411764705882,0.8619232123987319,0.5161290322580645,0.5435073627844712,70.35,70.35,70.35
2019,1209,1222,-29,0,0.71875,0.7419620774938169,0.9117647058823528,0.9260987942434852,87.89,87.89,87.89
2019,1153,1234,-7,0,0.8235294117647058,0.8490566037735849,0.6666666666666666,0.708204334365325,82.36,82.36,82.36
2019,1280,1251,-4,0,0.696969696969697,0.7178683385579937,0.8064516129032258,0.8132260947274352,78.02,78.02,78.02
2019,1233,1314,-15,0,0.53125,0.5485969906466043,0.8181818181818182,0.8507042253521127,93.24,93.24,93.24
2019,1326,1235,3,1,0.5757575757575758,0.6348999129677981,0.6764705882352942,0.6984428408659324,86.12,86.12,86.12
2019,1328,1279,23,1,0.59375,0.6499780412823891,0.625,0.6560298383754662,81.64,81.64,81.64
2019,1332,1458,18,1,0.6571428571428571,0.6850425618159708,0.696969696969697,0.7270732777534006,86.54,86.54,86.54
2019,1403,1297,15,1,0.8125,0.8435228730226593,0.75,0.7734029730815588,77.27,77.27,77.27
2019,1181,1277,-1,0,0.8529411764705882,0.8619232123987319,0.8235294117647058,0.8361940298507463,92.28,92.28,92.28
2019,1403,1277,10,1,0.8125,0.8435228730226593,0.8235294117647058,0.8361940298507463,92.28,92.28,92.28
2019,1438,1120,1,1,0.90625,0.9130056546324488,0.7352941176470589,0.7624906785980612,89.02,89.02,89.02
2019,1403,1438,-8,0,0.8125,0.8435228730226593,0.90625,0.9130056546324488,95.22,95.22,95.22
2019,1181,1277,-1,0,0.8529411764705882,0.8619232123987319,0.8235294117647058,0.8361940298507463,92.28,92.28,92.28
2019,1403,1438,-8,0,0.8125,0.8435228730226593,0.90625,0.9130056546324488,95.22,95.22,95.22
2021,1211,1425,19,1,1.0,1.0,0.7586206896551724,0.7965867158671587,85.76,85.76,85.76
2021,1425,1179,16,1,0.7586206896551724,0.7965867158671587,0.8518518518518519,0.8848396501457726,77.58,77.58,77.58
2021,1116,1403,2,1,0.7857142857142857,0.8157780667533593,0.6296296296296297,0.6582150101419878,86.44,86.44,86.44
2021,1124,1458,13,1,0.9166666666666666,0.9348148148148148,0.5862068965517241,0.6210995542347697,87.33,87.33,87.33
2021,1222,1353,3,1,0.8846153846153846,0.8991935483870968,0.5769230769230769,0.6234194612424409,84.13,84.13,84.13
2021,1228,1260,-13,0,0.7931034482758621,0.8089792460821685,0.8461538461538461,0.8598691384950927,85.09,85.09,85.09
2021,1331,1196,3,1,0.5652173913043478,0.6013143483023001,0.6086956521739131,0.6537330981775427,83.04,83.04,83.04
2021,1333,1329,10,1,0.5714285714285714,0.6020671834625323,0.7142857142857143,0.7219647822057461,84.89,84.89,84.89
2021,1393,1452,3,1,0.64,0.6751054852320675,0.6666666666666666,0.6665069477719214,86.62,86.62,86.62
2021,1317,1437,-23,0,0.64,0.6879765395894428,0.7272727272727273,0.7677496991576414,84.75,84.75,84.75
2021,1268,1104,-19,0,0.5357142857142857,0.5825857519788918,0.8,0.8395475492249685,88.84,88.84,88.84
2021,1166,1325,14,1,0.7142857142857143,0.745707656612529,0.6818181818181818,0.7115384615384616,77.51,77.51,77.51
2021,1160,1199,-18,0,0.7333333333333333,0.761296211775445,0.7272727272727273,0.7557603686635944,86.76,86.76,86.76
2021,1211,1328,16,1,1.0,1.0,0.6,0.6441947565543071,81.17,81.17,81.17
2021,1276,1261,8,1,0.8333333333333334,0.8683060109289618,0.6666666666666666,0.6991429860171403,85.07,85.07,85.07
2021,1417,1101,20,1,0.6538461538461539,0.6842661034846885,0.8260869565217391,0.8547008547008547,77.04,77.04,77.04
2021,1242,1425,-34,0,0.7037037037037037,0.7099080694586313,0.7586206896551724,0.7965867158671587,85.76,85.76,85.76
2021,1116,1331,2,1,0.7857142857142857,0.8157780667533593,0.5652173913043478,0.6013143483023001,73.27,73.27,73.27
2021,1437,1124,-11,0,0.7272727272727273,0.7677496991576414,0.9166666666666666,0.9348148148148148,93.64,93.64,93.64
2021,1393,1222,-16,0,0.64,0.6751054852320675,0.8846153846153846,0.8991935483870968,90.55,90.55,90.55
2021,1260,1333,-7,0,0.8461538461538461,0.8598691384950927,0.5714285714285714,0.6020671834625323,79.7,79.7,79.7
2021,1211,1166,18,1,1.0,1.0,0.7142857142857143,0.745707656612529,87.0,87.0,87.0
2021,1199,1276,-18,0,0.7272727272727273,0.7557603686635944,0.8333333333333334,0.8683060109289618,88.64,88.64,88.64
2021,1104,1417,-10,0,0.8,0.8395475492249685,0.6538461538461539,0.6842661034846885,81.89,81.89,81.89
2021,1425,1332,14,1,0.7586206896551724,0.7965867158671587,0.7692307692307693,0.7911065149948294,84.6,84.6,84.6
2021,1116,1124,-9,0,0.7857142857142857,0.8157780667533593,0.9166666666666666,0.9348148148148148,93.64,93.64,93.64
2021,1222,1333,6,1,0.8846153846153846,0.8991935483870968,0.5714285714285714,0.6020671834625323,79.7,79.7,79.7
2021,1140,1417,-11,0,0.76,0.7864878803506963,0.6538461538461539,0.6842661034846885,81.89,81.89,81.89
2021,1332,1234,15,1,0.7692307692307693,0.7911065149948294,0.7241379310344828,0.7509263071222725,90.81,90.81,90.81
2021,1276,1411,16,1,0.8333333333333334,0.8683060109289618,0.6521739130434783,0.683806146572104,68.79,68.79,68.79
2021,1268,1163,9,1,0.5357142857142857,0.5825857519788918,0.6818181818181818,0.7130325814536341,85.26,85.26,85.26
2021,1179,1455,1,1,0.8518518518518519,0.8848396501457726,0.7368421052631579,0.780380673499268,79.9,79.9,79.9
2021,1313,1111,1,1,0.6666666666666666,0.7015209125475285,0.5416666666666666,0.6008557457212714,70.28,70.28,70.28
2021,1291,1411,-8,0,0.5454545454545454,0.5955777460770328,0.6521739130434783,0.683806146572104,68.79,68.79,68.79
2021,1277,1417,-6,0,0.5555555555555556,0.6174892703862661,0.6538461538461539,0.6842661034846885,81.89,81.89,81.89
2021,1116,1159,17,1,0.7857142857142857,0.8157780667533593,0.9333333333333332,0.9436293436293436,79.61,79.61,79.61
2021,1216,1124,-24,0,0.6521739130434783,0.7049504950495049,0.9166666666666666,0.9348148148148148,93.64,93.64,93.64
2021,1439,1196,-5,0,0.7142857142857143,0.7465346534653465,0.6086956521739131,0.6537330981775427,83.04,83.04,83.04
2021,1222,1156,31,1,0.8846153846153846,0.8991935483870968,0.7307692307692307,0.7588805166846071,71.8,71.8,71.8
2021,1180,1228,-29,0,0.631578947368421,0.6671575846833578,0.7931034482758621,0.8089792460821685,93.85,93.85,93.85
2021,1210,1260,-11,0,0.68,0.7018008474576272,0.8461538461538461,0.8598691384950927,85.09,85.09,85.09
2021,1317,1345,9,1,0.64,0.6879765395894428,0.6666666666666666,0.7020833333333333,86.47,86.47,86.47
2021,1329,1251,9,1,0.7142857142857143,0.7219647822057461,0.7916666666666666,0.8264086511098463,76.98,76.98,76.98
2021,1326,1331,-3,0,0.7,0.7318965517241379,0.5652173913043478,0.6013143483023001,73.27,73.27,73.27
2021,1333,1397,14,1,0.5714285714285714,0.6020671834625323,0.6923076923076923,0.7421750663129973,85.79,85.79,85.79
2021,1353,1155,4,1,0.5769230769230769,0.6234194612424409,0.6956521739130435,0.7290279627163782,82.37,82.37,82.37
2021,1393,1361,16,1,0.64,0.6751054852320675,0.8461538461538461,0.8784559207094418,85.6,85.6,85.6
2021,1403,1429,12,1,0.6296296296296297,0.6582150101419878,0.7037037037037037,0.7308868501529052,82.37,82.37,82.37
2021,1437,1457,10,1,0.7272727272727273,0.7677496991576414,0.9583333333333334,0.9711891042430592,78.42,78.42,78.42
2021,1452,1287,17,1,0.6666666666666666,0.6665069477719214,0.75,0.7928683796539067,73.72,73.72,73.72
2021,1314,1458,-23,0,0.6428571428571429,0.684285040113261,0.5862068965517241,0.6210995542347697,87.33,87.33,87.33
2021,1400,1101,-1,0,0.7307692307692307,0.7459100204498977,0.8260869565217391,0.8547008547008547,77.04,77.04,77.04
2021,1104,1233,13,1,0.8,0.8395475492249685,0.7058823529411765,0.7328990228013029,71.81,71.81,71.81
2021,1160,1207,23,1,0.7333333333333333,0.761296211775445,0.52,0.5515695067264574,81.33,81.33,81.33
2021,1364,1166,-1,0,0.8333333333333334,0.8573844419391207,0.7142857142857143,0.745707656612529,87.0,87.0,87.0
2021,1199,1422,10,1,0.7272727272727273,0.7557603686635944,0.7241379310344828,0.7531615925058548,77.75,77.75,77.75
2021,1313,1211,-43,0,0.6666666666666666,0.7015209125475285,1.0,1.0,96.52,96.52,96.52
2021,1234,1213,12,1,0.7241379310344828,0.7509263071222725,0.7,0.7382456140350877,74.72,74.72,74.72
2021,1186,1242,-9,0,0.6818181818181818,0.7113702623906706,0.7037037037037037,0.7099080694586313,83.5,83.5,83.5
2021,1261,1382,15,1,0.6666666666666666,0.6991429860171403,0.8,0.8354609929078014,82.87,82.87,82.87
2021,1328,1281,4,1,0.6,0.6441947565543071,0.64,0.6713742531233026,81.85,81.85,81.85
2021,1438,1325,-4,0,0.75,0.7741347905282332,0.6818181818181818,0.7115384615384616,77.51,77.51,77.51
2021,1124,1222,19,1,0.9166666666666666,0.9348148148148148,0.8846153846153846,0.8991935483870968,90.55,90.55,90.55
2021,1211,1124,-16,0,1.0,1.0,0.9166666666666666,0.9348148148148148,93.64,93.64,93.64
2021,1179,1425,-16,0,0.8518518518518519,0.8848396501457726,0.7586206896551724,0.7965867158671587,85.76,85.76,85.76
2021,1403,1116,-2,0,0.6296296296296297,0.6582150101419878,0.7857142857142857,0.8157780667533593,86.27,86.27,86.27
2021,1458,1124,-13,0,0.5862068965517241,0.6210995542347697,0.9166666666666666,0.9348148148148148,93.64,93.64,93.64
2021,1222,1353,3,1,0.8846153846153846,0.8991935483870968,0.5769230769230769,0.6234194612424409,84.13,84.13,84.13
2021,1228,1260,-13,0,0.7931034482758621,0.8089792460821685,0.8461538461538461,0.8598691384950927,85.09,85.09,85.09
2021,1331,1196,3,1,0.5652173913043478,0.6013143483023001,0.6086956521739131,0.6537330981775427,83.04,83.04,83.04
2021,1329,1333,-10,0,0.7142857142857143,0.7219647822057461,0.5714285714285714,0.6020671834625323,79.7,79.7,79.7
2021,1452,1393,-3,0,0.6666666666666666,0.6665069477719214,0.64,0.6751054852320675,83.07,83.07,83.07
2021,1437,1317,23,1,0.7272727272727273,0.7677496991576414,0.64,0.6879765395894428,78.16,78.16,78.16
2021,1104,1268,19,1,0.8,0.8395475492249685,0.5357142857142857,0.5825857519788918,84.36,84.36,84.36
2021,1166,1325,14,1,0.7142857142857143,0.745707656612529,0.6818181818181818,0.7115384615384616,77.51,77.51,77.51
2021,1160,1199,-18,0,0.7333333333333333,0.761296211775445,0.7272727272727273,0.7557603686635944,86.76,86.76,86.76
2021,1328,1211,-16,0,0.6,0.6441947565543071,1.0,1.0,96.52,96.52,96.52
2021,1276,1261,8,1,0.8333333333333334,0.8683060109289618,0.6666666666666666,0.6991429860171403,85.07,85.07,85.07
2021,1234,1332,-15,0,0.7241379310344828,0.7509263071222725,0.7692307692307693,0.7911065149948294,84.6,84.6,84.6
2021,1101,1417,-20,0,0.8260869565217391,0.8547008547008547,0.6538461538461539,0.6842661034846885,81.89,81.89,81.89
2021,1425,1242,34,1,0.7586206896551724,0.7965867158671587,0.7037037037037037,0.7099080694586313,83.5,83.5,83.5
2021,1116,1331,2,1,0.7857142857142857,0.8157780667533593,0.5652173913043478,0.6013143483023001,73.27,73.27,73.27
2021,1124,1437,11,1,0.9166666666666666,0.9348148148148148,0.7272727272727273,0.7677496991576414,84.75,84.75,84.75
2021,1222,1393,16,1,0.8846153846153846,0.8991935483870968,0.64,0.6751054852320675,83.07,83.07,83.07
2021,1260,1333,-7,0,0.8461538461538461,0.8598691384950927,0.5714285714285714,0.6020671834625323,79.7,79.7,79.7
2021,1166,1211,-18,0,0.7142857142857143,0.745707656612529,1.0,1.0,96.52,96.52,96.52
2021,1276,1199,18,1,0.8333333333333334,0.8683060109289618,0.7272727272727273,0.7557603686635944,86.76,86.76,86.76
2021,1104,1417,-10,0,0.8,0.8395475492249685,0.6538461538461539,0.6842661034846885,81.89,81.89,81.89
2021,1332,1425,-14,0,0.7692307692307693,0.7911065149948294,0.7586206896551724,0.7965867158671587,85.76,85.76,85.76
2021,1116,1124,-9,0,0.7857142857142857,0.8157780667533593,0.9166666666666666,0.9348148148148148,93.64,93.64,93.64
2021,1333,1222,-6,0,0.5714285714285714,0.6020671834625323,0.8846153846153846,0.8991935483870968,90.55,90.55,90.55
2021,1425,1211,-19,0,0.7586206896551724,0.7965867158671587,1.0,1.0,96.52,96.52,96.52
2021,1276,1417,-2,0,0.8333333333333334,0.8683060109289618,0.6538461538461539,0.6842661034846885,81.89,81.89,81.89
2021,1140,1417,-11,0,0.76,0.7864878803506963,0.6538461538461539,0.6842661034846885,81.89,81.89,81.89
2021,1328,1281,4,1,0.6,0.6441947565543071,0.64,0.6713742531233026,81.85,81.85,81.85
2021,1438,1325,-4,0,0.75,0.7741347905282332,0.6818181818181818,0.7115384615384616,77.51,77.51,77.51
2021,1276,1411,16,1,0.8333333333333334,0.8683060109289618,0.6521739130434783,0.683806146572104,68.79,68.79,68.79
2021,1455,1179,-1,0,0.7368421052631579,0.780380673499268,0.8518518518518519,0.8848396501457726,77.58,77.58,77.58
2021,1111,1313,-1,0,0.5416666666666666,0.6008557457212714,0.6666666666666666,0.7015209125475285,68.29,68.29,68.29
2021,1291,1411,-8,0,0.5454545454545454,0.5955777460770328,0.6521739130434783,0.683806146572104,68.79,68.79,68.79
2021,1417,1277,6,1,0.6538461538461539,0.6842661034846885,0.5555555555555556,0.6174892703862661,82.87,82.87,82.87
2021,1116,1159,17,1,0.7857142857142857,0.8157780667533593,0.9333333333333332,0.9436293436293436,79.61,79.61,79.61
2021,1124,1216,24,1,0.9166666666666666,0.9348148148148148,0.6521739130434783,0.7049504950495049,70.93,70.93,70.93
2021,1196,1439,5,1,0.6086956521739131,0.6537330981775427,0.7142857142857143,0.7465346534653465,81.21,81.21,81.21
2021,1156,1222,-31,0,0.7307692307692307,0.7588805166846071,0.8846153846153846,0.8991935483870968,90.55,90.55,90.55
2021,1180,1228,-29,0,0.631578947368421,0.6671575846833578,0.7931034482758621,0.8089792460821685,93.85,93.85,93.85
2021,1210,1260,-11,0,0.68,0.7018008474576272,0.8461538461538461,0.8598691384950927,85.09,85.09,85.09
2021,1317,1345,9,1,0.64,0.6879765395894428,0.6666666666666666,0.7020833333333333,86.47,86.47,86.47
2021,1251,1329,-9,0,0.7916666666666666,0.8264086511098463,0.7142857142857143,0.7219647822057461,84.89,84.89,84.89
2021,1331,1326,3,1,0.5652173913043478,0.6013143483023001,0.7,0.7318965517241379,89.35,89.35,89.35
2021,1333,1397,14,1,0.5714285714285714,0.6020671834625323,0.6923076923076923,0.7421750663129973,85.79,85.79,85.79
2021,1124,1222,19,1,0.9166666666666666,0.9348148148148148,0.8846153846153846,0.8991935483870968,90.55,90.55,90.55
2021,1155,1353,-4,0,0.6956521739130435,0.7290279627163782,0.5769230769230769,0.6234194612424409,84.13,84.13,84.13
2021,1403,1429,12,1,0.6296296296296297,0.6582150101419878,0.7037037037037037,0.7308868501529052,82.37,82.37,82.37
2021,1457,1437,-10,0,0.9583333333333334,0.9711891042430592,0.7272727272727273,0.7677496991576414,84.75,84.75,84.75
2021,1287,1452,-17,0,0.75,0.7928683796539067,0.6666666666666666,0.6665069477719214,86.62,86.62,86.62
2021,1458,1314,23,1,0.5862068965517241,0.6210995542347697,0.6428571428571429,0.684285040113261,86.09,86.09,86.09
2021,1101,1400,1,1,0.8260869565217391,0.8547008547008547,0.7307692307692307,0.7459100204498977,86.75,86.75,86.75
2021,1233,1104,-13,0,0.7058823529411765,0.7328990228013029,0.8,0.8395475492249685,88.84,88.84,88.84
2021,1160,1207,23,1,0.7333333333333333,0.761296211775445,0.52,0.5515695067264574,81.33,81.33,81.33
2021,1166,1364,1,1,0.7142857142857143,0.745707656612529,0.8333333333333334,0.8573844419391207,78.41,78.41,78.41
2021,1199,1422,10,1,0.7272727272727273,0.7557603686635944,0.7241379310344828,0.7531615925058548,77.75,77.75,77.75
2021,1313,1211,-43,0,0.6666666666666666,0.7015209125475285,1.0,1.0,96.52,96.52,96.52
2021,1234,1213,12,1,0.7241379310344828,0.7509263071222725,0.7,0.7382456140350877,74.72,74.72,74.72
2021,1242,1186,9,1,0.7037037037037037,0.7099080694586313,0.6818181818181818,0.7113702623906706,76.07,76.07,76.07
2021,1261,1382,15,1,0.6666666666666666,0.6991429860171403,0.8,0.8354609929078014,82.87,82.87,82.87
2021,1163,1268,-9,0,0.6818181818181818,0.7130325814536341,0.5357142857142857,0.5825857519788918,84.36,84.36,84.36
2021,1393,1361,16,1,0.64,0.6751054852320675,0.8461538461538461,0.8784559207094418,85.6,85.6,85.6
2021,1417,1211,-3,0,0.6538461538461539,0.6842661034846885,1.0,1.0,96.52,96.52,96.52
2021,1211,1124,-16,0,1.0,1.0,0.9166666666666666,0.9348148148148148,93.64,93.64,93.64
2021,1417,1211,-3,0,0.6538461538461539,0.6842661034846885,1.0,1.0,96.52,96.52,96.52
2021,1276,1417,-2,0,0.8333333333333334,0.8683060109289618,0.6538461538461539,0.6842661034846885,81.89,81.89,81.89
2022,1326,1260,13,1,0.6333333333333333,0.6734417344173442,0.7741935483870968,0.7871591908531222,83.7,83.7,83.7
2022,1104,1323,-14,0,0.59375,0.6170379054318093,0.6774193548387096,0.7080717488789238,81.61,81.61,81.61
2022,1172,1277,-1,0,0.8125,0.8345896147403685,0.6470588235294118,0.6838025295797634,83.46,83.46,83.46
2022,1274,1425,2,1,0.696969696969697,0.7262049412717699,0.7878787878787878,0.8079331941544885,83.02,83.02,83.02
2022,1235,1261,5,1,0.625,0.6793606017865539,0.6666666666666666,0.7016162453377538,85.72,85.72,85.72
2022,1151,1228,-1,0,0.78125,0.7922188969645148,0.7096774193548387,0.7352064708386548,86.76,86.76,86.76
2022,1388,1231,29,1,0.7741935483870968,0.8107606679035251,0.6060606060606061,0.6282323018228063,82.98,82.98,82.98
2022,1181,1168,17,1,0.8235294117647058,0.8407923697725606,0.6551724137931034,0.6696696696696697,71.78,71.78,71.78
2022,1240,1120,-19,0,0.6551724137931034,0.7022826614861584,0.84375,0.8527193330686781,89.48,89.48,89.48
2022,1460,1112,-17,0,0.6060606060606061,0.6379032258064516,0.9117647058823528,0.9321739130434784,90.92,90.92,90.92
2022,1417,1103,4,1,0.78125,0.796644844517185,0.7096774193548387,0.7523277467411545,76.69,76.69,76.69
2022,1397,1255,32,1,0.7878787878787878,0.8269151138716356,0.7857142857142857,0.811046511627907,73.42,73.42,73.42
2022,1389,1246,6,1,0.6206896551724138,0.6388744137571651,0.7878787878787878,0.8237986270022883,91.22,91.22,91.22
2022,1345,1463,22,1,0.7941176470588235,0.8311831920383339,0.6206896551724138,0.6484149855907781,74.74,74.74,74.74
2022,1222,1412,14,1,0.8529411764705882,0.8650116369278511,0.78125,0.8139260424862313,81.17,81.17,81.17
2022,1242,1437,16,1,0.8235294117647058,0.8458083832335329,0.7878787878787878,0.8156028368794326,90.22,90.22,90.22
2022,1314,1266,32,1,0.7272727272727273,0.7560594214229867,0.6129032258064516,0.6379011274934953,81.9,81.9,81.9
2022,1163,1308,-7,0,0.71875,0.7622610141313383,0.7931034482758621,0.809156626506024,77.68,77.68,77.68
2022,1362,1293,-5,0,0.71875,0.7537006578947368,0.9310344827586208,0.947582467239042,81.35,81.35,81.35
2022,1161,1276,-12,0,0.8275862068965517,0.8540489642184558,0.5483870967741935,0.592756183745583,84.73,84.73,84.73
2022,1272,1129,11,1,0.6774193548387096,0.7159965782720273,0.7878787878787878,0.8047153024911032,82.49,82.49,82.49
2022,1411,1242,-27,0,0.6,0.6451612903225806,0.8235294117647058,0.8458083832335329,91.27,91.27,91.27
2022,1211,1209,21,1,0.896551724137931,0.9136238712210444,0.6,0.6223653395784543,73.46,73.46,73.46
2022,1166,1361,3,1,0.6666666666666666,0.7177348551360843,0.7419354838709677,0.7919960474308301,83.49,83.49,83.49
2022,1124,1313,36,1,0.8125,0.8394607843137255,0.7777777777777778,0.818089430894309,71.39,71.39,71.39
2022,1116,1436,4,1,0.7575757575757576,0.7735328869633714,0.84375,0.8741638795986622,80.32,80.32,80.32
2022,1136,1460,-11,0,0.7,0.7300479720889664,0.6060606060606061,0.6379032258064516,73.52,73.52,73.52
2022,1353,1323,-2,0,0.5806451612903226,0.6014251781472684,0.6774193548387096,0.7080717488789238,81.61,81.61,81.61
2022,1394,1411,-9,0,0.6333333333333333,0.6389516493447809,0.6,0.6451612903225806,70.37,70.37,70.37
2022,1461,1231,-8,0,0.75,0.7847826086956522,0.6060606060606061,0.6282323018228063,82.98,82.98,82.98
2022,1355,1344,-9,0,0.875,0.88637194008038,0.8333333333333334,0.8551532033426184,82.72,82.72,82.72
2022,1234,1350,-4,0,0.7428571428571429,0.781718963165075,0.6571428571428571,0.6713147410358565,79.91,79.91,79.91
2022,1371,1395,-27,0,0.6666666666666666,0.6823474615742897,0.625,0.6599357503441946,81.93,81.93,81.93
2022,1174,1437,-20,0,0.6363636363636364,0.6495443247721624,0.7878787878787878,0.8156028368794326,90.22,90.22,90.22
2022,1314,1389,20,1,0.7272727272727273,0.7560594214229867,0.6206896551724138,0.6388744137571651,74.17,74.17,74.17
2022,1242,1274,26,1,0.8235294117647058,0.8458083832335329,0.696969696969697,0.7262049412717699,81.13,81.13,81.13
2022,1222,1437,-6,0,0.8529411764705882,0.8650116369278511,0.7878787878787878,0.8156028368794326,90.22,90.22,90.22
2022,1116,1181,-9,0,0.7575757575757576,0.7735328869633714,0.8235294117647058,0.8407923697725606,89.28,89.28,89.28
2022,1345,1389,-3,0,0.7941176470588235,0.8311831920383339,0.6206896551724138,0.6388744137571651,74.17,74.17,74.17
2022,1314,1417,7,1,0.7272727272727273,0.7560594214229867,0.78125,0.796644844517185,89.83,89.83,89.83
2022,1235,1274,-14,0,0.625,0.6793606017865539,0.696969696969697,0.7262049412717699,81.13,81.13,81.13
2022,1344,1242,-5,0,0.8333333333333334,0.8551532033426184,0.8235294117647058,0.8458083832335329,91.27,91.27,91.27
2022,1276,1437,-8,0,0.5483870967741935,0.592756183745583,0.7878787878787878,0.8156028368794326,90.22,90.22,90.22
2022,1222,1112,12,1,0.8529411764705882,0.8650116369278511,0.9117647058823528,0.9321739130434784,90.92,90.92,90.92
2022,1403,1181,-5,0,0.7352941176470589,0.7748154224774405,0.8235294117647058,0.8407923697725606,89.28,89.28,89.28
2022,1211,1116,-6,0,0.896551724137931,0.9136238712210444,0.7575757575757576,0.7735328869633714,86.77,86.77,86.77
2022,1437,1326,10,1,0.7878787878787878,0.8156028368794326,0.6333333333333333,0.6734417344173442,84.15,84.15,84.15
2022,1403,1323,6,1,0.7352941176470589,0.7748154224774405,0.6774193548387096,0.7080717488789238,81.61,81.61,81.61
2022,1345,1400,10,1,0.7941176470588235,0.8311831920383339,0.65625,0.6863283036122543,86.32,86.32,86.32
2022,1274,1120,18,1,0.696969696969697,0.7262049412717699,0.84375,0.8527193330686781,89.48,89.48,89.48
2022,1458,1235,-5,0,0.7741935483870968,0.7924270072992701,0.625,0.6793606017865539,80.57,80.57,80.57
2022,1228,1222,-15,0,0.7096774193548387,0.7352064708386548,0.8529411764705882,0.8650116369278511,88.72,88.72,88.72
2022,1181,1277,9,1,0.8235294117647058,0.8407923697725606,0.6470588235294118,0.6838025295797634,83.46,83.46,83.46
2022,1395,1112,-5,0,0.625,0.6599357503441946,0.9117647058823528,0.9321739130434784,90.92,90.92,90.92
2022,1417,1388,16,1,0.78125,0.796644844517185,0.7741935483870968,0.8107606679035251,84.34,84.34,84.34
2022,1293,1389,-10,0,0.9310344827586208,0.947582467239042,0.6206896551724138,0.6388744137571651,74.17,74.17,74.17
2022,1344,1350,28,1,0.8333333333333334,0.8551532033426184,0.6571428571428571,0.6713147410358565,79.91,79.91,79.91
2022,1314,1124,7,1,0.7272727272727273,0.7560594214229867,0.8125,0.8394607843137255,87.66,87.66,87.66
2022,1397,1276,-8,0,0.7878787878787878,0.8269151138716356,0.5483870967741935,0.592756183745583,84.73,84.73,84.73
2022,1242,1166,7,1,0.8235294117647058,0.8458083832335329,0.6666666666666666,0.7177348551360843,81.49,81.49,81.49
2022,1272,1211,-4,0,0.6774193548387096,0.7159965782720273,0.896551724137931,0.9136238712210444,96.46,96.46,96.46
2022,1308,1116,-5,0,0.7931034482758621,0.809156626506024,0.7575757575757576,0.7735328869633714,86.77,86.77,86.77
2022,1458,1159,7,1,0.7741935483870968,0.7924270072992701,0.6666666666666666,0.6894335074327039,76.4,76.4,76.4
2022,1286,1403,-35,0,0.78125,0.7711442786069652,0.7352941176470589,0.7748154224774405,88.7,88.7,88.7
2022,1400,1439,8,1,0.65625,0.6863283036122543,0.6571428571428571,0.7015347334410339,84.68,84.68,84.68
2022,1242,1314,3,1,0.8235294117647058,0.8458083832335329,0.7272727272727273,0.7560594214229867,83.99,83.99,83.99
2022,1314,1181,4,1,0.7272727272727273,0.7560594214229867,0.8235294117647058,0.8407923697725606,89.28,89.28,89.28
2022,1260,1326,-13,0,0.7741935483870968,0.7871591908531222,0.6333333333333333,0.6734417344173442,84.15,84.15,84.15
2022,1104,1323,-14,0,0.59375,0.6170379054318093,0.6774193548387096,0.7080717488789238,81.61,81.61,81.61
2022,1277,1172,1,1,0.6470588235294118,0.6838025295797634,0.8125,0.8345896147403685,81.83,81.83,81.83
2022,1425,1274,-2,0,0.7878787878787878,0.8079331941544885,0.696969696969697,0.7262049412717699,81.13,81.13,81.13
2022,1261,1235,-5,0,0.6666666666666666,0.7016162453377538,0.625,0.6793606017865539,80.57,80.57,80.57
2022,1151,1228,-1,0,0.78125,0.7922188969645148,0.7096774193548387,0.7352064708386548,86.76,86.76,86.76
2022,1412,1222,-14,0,0.78125,0.8139260424862313,0.8529411764705882,0.8650116369278511,88.72,88.72,88.72
2022,1168,1181,-17,0,0.6551724137931034,0.6696696696696697,0.8235294117647058,0.8407923697725606,89.28,89.28,89.28
2022,1120,1240,19,1,0.84375,0.8527193330686781,0.6551724137931034,0.7022826614861584,73.15,73.15,73.15
2022,1112,1460,17,1,0.9117647058823528,0.9321739130434784,0.6060606060606061,0.6379032258064516,73.52,73.52,73.52
2022,1417,1103,4,1,0.78125,0.796644844517185,0.7096774193548387,0.7523277467411545,76.69,76.69,76.69
2022,1255,1397,-32,0,0.7857142857142857,0.811046511627907,0.7878787878787878,0.8269151138716356,88.87,88.87,88.87
2022,1389,1246,6,1,0.6206896551724138,0.6388744137571651,0.7878787878787878,0.8237986270022883,91.22,91.22,91.22
2022,1231,1388,-29,0,0.6060606060606061,0.6282323018228063,0.7741935483870968,0.8107606679035251,84.34,84.34,84.34
2022,1463,1345,-22,0,0.6206896551724138,0.6484149855907781,0.7941176470588235,0.8311831920383339,89.1,89.1,89.1
2022,1350,1234,4,1,0.6571428571428571,0.6713147410358565,0.7428571428571429,0.781718963165075,88.96,88.96,88.96
2022,1266,1314,-32,0,0.6129032258064516,0.6379011274934953,0.7272727272727273,0.7560594214229867,83.99,83.99,83.99
2022,1163,1308,-7,0,0.71875,0.7622610141313383,0.7931034482758621,0.809156626506024,77.68,77.68,77.68
2022,1293,1362,5,1,0.9310344827586208,0.947582467239042,0.71875,0.7537006578947368,81.78,81.78,81.78
2022,1276,1161,12,1,0.5483870967741935,0.592756183745583,0.8275862068965517,0.8540489642184558,81.65,81.65,81.65
2022,1129,1272,-11,0,0.7878787878787878,0.8047153024911032,0.6774193548387096,0.7159965782720273,84.91,84.91,84.91
2022,1411,1242,-27,0,0.6,0.6451612903225806,0.8235294117647058,0.8458083832335329,91.27,91.27,91.27
2022,1211,1209,21,1,0.896551724137931,0.9136238712210444,0.6,0.6223653395784543,73.46,73.46,73.46
2022,1361,1166,-3,0,0.7419354838709677,0.7919960474308301,0.6666666666666666,0.7177348551360843,81.49,81.49,81.49
2022,1313,1124,-36,0,0.7777777777777778,0.818089430894309,0.8125,0.8394607843137255,87.66,87.66,87.66
2022,1436,1116,-4,0,0.84375,0.8741638795986622,0.7575757575757576,0.7735328869633714,86.77,86.77,86.77
2022,1136,1460,-11,0,0.7,0.7300479720889664,0.6060606060606061,0.6379032258064516,73.52,73.52,73.52
2022,1353,1323,-2,0,0.5806451612903226,0.6014251781472684,0.6774193548387096,0.7080717488789238,81.61,81.61,81.61
2022,1411,1394,9,1,0.6,0.6451612903225806,0.6333333333333333,0.6389516493447809,67.3,67.3,67.3
2022,1461,1231,-8,0,0.75,0.7847826086956522,0.6060606060606061,0.6282323018228063,82.98,82.98,82.98
2022,1355,1344,-9,0,0.875,0.88637194008038,0.8333333333333334,0.8551532033426184,82.72,82.72,82.72
2022,1395,1371,27,1,0.625,0.6599357503441946,0.6666666666666666,0.6823474615742897,82.61,82.61,82.61
2022,1439,1400,-8,0,0.6571428571428571,0.7015347334410339,0.65625,0.6863283036122543,86.32,86.32,86.32
2022,1286,1403,-35,0,0.78125,0.7711442786069652,0.7352941176470589,0.7748154224774405,88.7,88.7,88.7
2022,1437,1242,-16,0,0.7878787878787878,0.8156028368794326,0.8235294117647058,0.8458083832335329,91.27,91.27,91.27
2022,1389,1314,-20,0,0.6206896551724138,0.6388744137571651,0.7272727272727273,0.7560594214229867,83.99,83.99,83.99
2022,1274,1242,-26,0,0.696969696969697,0.7262049412717699,0.8235294117647058,0.8458083832335329,91.27,91.27,91.27
2022,1222,1437,-6,0,0.8529411764705882,0.8650116369278511,0.7878787878787878,0.8156028368794326,90.22,90.22,90.22
2022,1181,1116,9,1,0.8235294117647058,0.8407923697725606,0.7575757575757576,0.7735328869633714,86.77,86.77,86.77
2022,1389,1345,3,1,0.6206896551724138,0.6388744137571651,0.7941176470588235,0.8311831920383339,89.1,89.1,89.1
2022,1417,1314,-7,0,0.78125,0.796644844517185,0.7272727272727273,0.7560594214229867,83.99,83.99,83.99
2022,1235,1274,-14,0,0.625,0.6793606017865539,0.696969696969697,0.7262049412717699,81.13,81.13,81.13
2022,1242,1344,5,1,0.8235294117647058,0.8458083832335329,0.8333333333333334,0.8551532033426184,82.72,82.72,82.72
2022,1276,1437,-8,0,0.5483870967741935,0.592756183745583,0.7878787878787878,0.8156028368794326,90.22,90.22,90.22
2022,1112,1222,-12,0,0.9117647058823528,0.9321739130434784,0.8529411764705882,0.8650116369278511,88.72,88.72,88.72
2022,1403,1181,-5,0,0.7352941176470589,0.7748154224774405,0.8235294117647058,0.8407923697725606,89.28,89.28,89.28
2022,1116,1211,6,1,0.7575757575757576,0.7735328869633714,0.896551724137931,0.9136238712210444,96.46,96.46,96.46
2022,1326,1437,-10,0,0.6333333333333333,0.6734417344173442,0.7878787878787878,0.8156028368794326,90.22,90.22,90.22
2022,1403,1323,6,1,0.7352941176470589,0.7748154224774405,0.6774193548387096,0.7080717488789238,81.61,81.61,81.61
2022,1400,1345,-10,0,0.65625,0.6863283036122543,0.7941176470588235,0.8311831920383339,89.1,89.1,89.1
2022,1120,1274,-18,0,0.84375,0.8527193330686781,0.696969696969697,0.7262049412717699,81.13,81.13,81.13
2022,1174,1437,-20,0,0.6363636363636364,0.6495443247721624,0.7878787878787878,0.8156028368794326,90.22,90.22,90.22
2022,1458,1159,7,1,0.7741935483870968,0.7924270072992701,0.6666666666666666,0.6894335074327039,76.4,76.4,76.4
2022,1308,1116,-5,0,0.7931034482758621,0.809156626506024,0.7575757575757576,0.7735328869633714,86.77,86.77,86.77
2022,1272,1211,-4,0,0.6774193548387096,0.7159965782720273,0.896551724137931,0.9136238712210444,96.46,96.46,96.46
2022,1242,1166,7,1,0.8235294117647058,0.8458083832335329,0.6666666666666666,0.7177348551360843,81.49,81.49,81.49
2022,1397,1276,-8,0,0.7878787878787878,0.8269151138716356,0.5483870967741935,0.592756183745583,84.73,84.73,84.73
2022,1314,1181,4,1,0.7272727272727273,0.7560594214229867,0.8235294117647058,0.8407923697725606,89.28,89.28,89.28
2022,1314,1124,7,1,0.7272727272727273,0.7560594214229867,0.8125,0.8394607843137255,87.66,87.66,87.66
2022,1293,1389,-10,0,0.9310344827586208,0.947582467239042,0.6206896551724138,0.6388744137571651,74.17,74.17,74.17
2022,1417,1388,16,1,0.78125,0.796644844517185,0.7741935483870968,0.8107606679035251,84.34,84.34,84.34
2022,1112,1395,5,1,0.9117647058823528,0.9321739130434784,0.625,0.6599357503441946,81.93,81.93,81.93
2022,1277,1181,-9,0,0.6470588235294118,0.6838025295797634,0.8235294117647058,0.8407923697725606,89.28,89.28,89.28
2022,1228,1222,-15,0,0.7096774193548387,0.7352064708386548,0.8529411764705882,0.8650116369278511,88.72,88.72,88.72
2022,1458,1235,-5,0,0.7741935483870968,0.7924270072992701,0.625,0.6793606017865539,80.57,80.57,80.57
2022,1350,1344,-28,0,0.6571428571428571,0.6713147410358565,0.8333333333333334,0.8551532033426184,82.72,82.72,82.72
2022,1314,1242,-3,0,0.7272727272727273,0.7560594214229867,0.8235294117647058,0.8458083832335329,91.27,91.27,91.27
